Weighted amount,Days to close,Deal Score,Close Date,Record ID,Deal probability,Is Closed Won,Last Activity Date,Is closed lost,Amount,Create Date,Last Modified Date,Deal Stage,Deal source attribution 2_Customer Referral - Other,Deal source attribution 2_Customer Referral CSM,Deal source attribution 2_Email campaign,Deal source attribution 2_Event,Deal source attribution 2_Master Agent,Deal source attribution 2_Other,Deal source attribution 2_PAM,Deal source attribution 2_PLG,Deal source attribution 2_Referral Partner,Deal source attribution 2_Search,Deal source attribution 2_Social Media,Deal source attribution 2_SymTrain EE name,Deal source attribution 2_Verint Intro,Forecast category_Closed won,Forecast category_Commit,Forecast category_Not forecasted,Forecast category_Pipeline,Original Traffic Source_Offline Sources,Original Traffic Source_Organic Search,Original Traffic Source_Organic Social,Original Traffic Source_Other Campaigns,Original Traffic Source_Referrals,Deal Type_New,Deal Type_PS,Deal Type_Renewal
250.0,69.0,33.0,2025-05-01 15:26:00,33774471298,0.2,0,2025-02-20 14:06,0,1250.0,2025-02-20 15:27:00,2025-02-20 16:28,2,0,0,0,1,0,0,0,0,0,0,0,0,0,0,0,0,1,1,0,0,0,0,1,0,0
0.0,149.0,13.0,2025-07-20 09:06:00,33735737768,0.05,0,,0,0.0,2025-02-20 08:07:00,2025-02-20 09:08,1,0,0,0,0,0,0,0,0,1,0,0,0,0,0,0,1,0,1,0,0,0,0,1,0,0
0.0,149.0,13.0,2025-07-20 09:03:00,33758455618,0.05,0,,0,0.0,2025-02-20 08:04:00,2025-02-20 09:05,1,0,0,0,0,0,0,0,0,1,0,0,0,0,0,0,1,0,1,0,0,0,0,1,0,0
0.0,149.0,13.0,2025-07-20 08:55:00,33741931267,0.05,0,,0,0.0,2025-02-20 07:58:00,2025-02-20 08:59,1,0,0,0,0,0,0,0,0,1,0,0,0,0,0,0,1,0,1,0,0,0,0,1,0,0
10000.0,120.0,37.0,2025-06-20 15:01:00,33724679941,0.2,0,2025-02-14 15:30,0,50000.0,2025-02-19 14:02:00,2025-02-19 15:03,5,0,0,0,0,1,0,0,0,0,0,0,0,0,0,0,0,0,1,0,0,0,0,1,0,0
2750.0,149.0,22.0,2025-07-15 14:26:00,33514107559,0.05,0,2025-02-13 17:00,0,55000.0,2025-02-15 14:28:00,2025-02-15 15:29,1,1,0,0,0,0,0,0,0,0,0,0,0,0,0,0,1,0,1,0,0,0,0,1,0,0
5000.0,149.0,18.0,2025-07-15 14:20:00,33506737561,0.2,0,2025-02-18 10:00,0,25000.0,2025-02-15 14:25:00,2025-02-18 11:14,2,0,0,0,0,0,1,0,0,0,0,0,0,0,0,0,0,0,1,0,0,0,0,1,0,0
0.0,2.0,,2025-02-17 08:15:00,33503208981,0.0,0,2025-01-23 10:30,1,66000.0,2025-02-14 17:31:00,2025-02-17 08:15,7,0,1,0,0,0,0,0,0,0,0,0,0,0,0,0,1,0,1,0,0,0,0,1,0,0
14400.0,136.0,65.0,2025-07-01 16:07:00,33503207262,0.8,0,2025-02-20 14:00,0,18000.0,2025-02-14 16:09:00,2025-02-20 16:11,8,0,0,0,0,0,1,0,0,0,0,0,0,0,0,0,0,1,1,0,0,0,0,0,0,1
1050.0,149.0,39.0,2025-07-14 13:25:00,33499007642,0.7,0,2025-02-20 06:30,0,1500.0,2025-02-14 13:34:00,2025-02-20 16:21,7,0,0,0,0,0,0,0,0,1,0,0,0,0,1,0,0,0,1,0,0,0,0,1,0,0
21600.0,15.0,39.0,2025-03-01 14:35:00,33452127129,0.6,0,2025-02-17 12:45,0,36000.0,2025-02-13 14:37:00,2025-02-20 13:32,4,0,0,0,0,0,1,0,0,0,0,0,0,0,0,1,0,0,1,0,0,0,0,0,1,0
6912.0,78.0,78.0,2025-05-02 13:10:00,33428494649,0.8,0,2025-02-14 09:16,0,8640.0,2025-02-12 13:12:00,2025-02-14 10:12,8,0,0,0,0,0,1,0,0,0,0,0,0,0,1,0,0,0,0,0,0,0,0,0,0,1
4500.0,17.0,67.0,2025-02-28 16:18:00,33352193280,0.5,0,2025-02-20 14:18,0,9000.0,2025-02-11 15:05:00,2025-02-20 15:20,6,0,0,0,1,0,0,0,0,0,0,0,0,0,0,0,0,0,1,0,0,0,0,1,0,0
3000.0,51.0,17.0,2025-03-31 08:36:00,33166281555,0.2,0,2025-02-06 15:00,0,15000.0,2025-02-07 08:37:00,2025-02-20 14:51,2,0,0,0,1,0,0,0,0,0,0,0,0,0,0,0,0,0,0,1,0,0,0,1,0,0
5000.0,60.0,26.0,2025-04-04 13:06:00,32916862310,0.1,0,2025-02-18 17:45,0,50000.0,2025-02-02 20:24:00,2025-02-18 17:46,3,0,0,0,1,0,0,0,0,0,0,0,0,0,0,0,0,1,1,0,0,0,0,1,0,0
20000.0,149.0,8.0,2025-06-23 14:19:00,32403166800,0.2,0,2025-01-24 13:19,0,100000.0,2025-01-24 13:20:00,2025-02-12 05:02,2,0,0,0,0,0,0,0,0,0,0,0,1,0,0,0,0,1,1,0,0,0,0,1,0,0
8750.0,0.0,,2025-01-24 11:38:00,32406302863,1.0,1,2025-01-22 14:07,0,8750.0,2025-01-24 11:38:00,2025-01-24 11:38,7,0,0,0,0,0,1,0,0,0,0,0,0,0,1,0,0,0,1,0,0,0,0,0,0,0
56000.0,342.0,34.0,2026-01-01 16:49:00,32387026986,0.8,0,2025-02-14 09:57,0,70000.0,2025-01-23 16:51:00,2025-02-17 05:01,8,0,0,0,0,0,1,0,0,0,0,0,0,0,0,0,1,0,0,0,0,0,0,0,0,1
61250.0,0.0,,2025-01-23 16:48:00,32387026438,1.0,1,2025-01-22 14:07,0,61250.0,2025-01-23 16:47:00,2025-02-19 13:47,7,0,0,0,0,0,1,0,0,0,0,0,0,0,1,0,0,0,0,0,0,0,0,0,0,1
9600.0,363.0,45.0,2026-01-21 14:18:00,32325340702,0.8,0,2025-02-14 09:53,0,12000.0,2025-01-22 14:20:00,2025-02-14 10:55,8,0,0,0,0,0,1,0,0,0,0,0,0,0,0,0,1,0,1,0,0,0,0,0,0,1
6000.0,149.0,7.0,2025-06-21 12:57:00,32323660311,0.2,0,2025-02-12 22:14,0,30000.0,2025-01-22 11:58:00,2025-02-12 22:14,2,0,0,0,0,0,0,0,0,0,0,1,0,0,0,0,0,1,0,0,0,1,0,1,0,0
900.0,36.0,63.0,2025-02-28 10:27:00,32323647596,0.6,0,2025-02-03 15:30,0,1500.0,2025-01-22 10:56:00,2025-02-13 14:15,4,1,0,0,0,0,0,0,0,0,0,0,0,0,0,1,0,0,1,0,0,0,0,1,0,0
2500.0,149.0,4.0,2025-06-16 09:33:00,32144763302,0.05,0,2025-01-20 19:47,0,50000.0,2025-01-17 08:34:00,2025-02-05 13:33,1,0,0,0,0,0,0,0,0,0,0,0,1,0,0,0,0,1,1,0,0,0,0,1,0,0
9000.0,31.0,,2025-02-17 11:22:00,32118663507,1.0,1,2025-02-14 11:00,0,9000.0,2025-01-16 11:25:00,2025-02-17 11:22,7,0,0,0,0,0,0,0,0,1,0,0,0,0,1,0,0,0,1,0,0,0,0,1,0,0
3240.0,32.0,,2025-02-18 08:18:00,32114225970,1.0,1,2025-02-04 12:00,0,3240.0,2025-01-16 10:48:00,2025-02-18 08:18,7,0,0,0,0,0,1,0,0,0,0,0,0,0,1,0,0,0,0,1,0,0,0,0,0,0
6600.0,149.0,13.0,2025-06-15 09:50:00,32114215222,0.1,0,2025-01-21 13:10,0,66000.0,2025-01-16 09:52:00,2025-02-13 14:27,3,0,0,0,0,0,0,0,0,0,1,0,0,0,0,0,0,1,0,1,0,0,0,1,0,0
3300.0,7.0,,2025-01-22 09:07:00,31999369068,1.0,1,2025-01-13 10:15,0,3300.0,2025-01-14 10:57:00,2025-02-13 14:21,7,0,0,0,0,0,1,0,0,0,0,0,0,0,1,0,0,0,1,0,0,0,0,0,0,0
39600.0,46.0,48.0,2025-02-28 13:11:00,31934084477,0.6,0,2025-02-19 10:50,0,66000.0,2025-01-13 10:24:00,2025-02-20 13:24,4,0,0,0,0,0,0,0,0,1,0,0,0,0,0,1,0,0,1,0,0,0,0,1,0,0
10000.0,149.0,10.0,2025-06-12 10:10:00,31930752356,0.2,0,2025-01-08 13:15,0,50000.0,2025-01-13 09:13:00,2025-02-12 11:48,2,0,0,0,1,0,0,0,0,0,0,0,0,0,0,0,0,1,1,0,0,0,0,1,0,0
6000.0,149.0,5.0,2025-06-08 12:56:00,31735800916,0.2,0,2025-01-07 14:11,0,30000.0,2025-01-09 11:57:00,2025-02-03 12:53,2,0,0,0,1,0,0,0,0,0,0,0,0,0,0,0,0,1,1,0,0,0,0,1,0,0
36000.0,356.0,42.0,2025-12-31 07:14:00,31711896177,0.8,0,2025-02-20 10:25,0,45000.0,2025-01-08 14:36:00,2025-02-20 10:25,8,0,0,0,0,0,1,0,0,0,0,0,0,0,0,0,1,0,1,0,0,0,0,0,0,1
72000.0,538.0,38.0,2026-06-30 15:42:00,31660157212,0.8,0,2025-02-14 09:00,0,90000.0,2025-01-07 15:45:00,2025-02-14 09:00,8,0,0,0,0,0,1,0,0,0,0,0,0,0,0,0,0,0,1,0,0,0,0,0,0,1
6540.0,143.0,7.0,2025-05-31 15:27:00,31660153986,0.2,0,2025-02-17 12:00,0,32700.0,2025-01-07 15:26:00,2025-02-17 12:03,2,0,0,0,0,0,1,0,0,0,0,0,0,0,0,0,0,0,1,0,0,0,0,0,0,0
5000.0,22.0,,2025-01-29 16:44:00,31622911152,1.0,1,2025-01-17 14:49,0,5000.0,2025-01-06 21:49:00,2025-02-18 08:31,7,0,0,0,0,0,0,0,0,0,0,0,1,0,1,0,0,0,0,1,0,0,0,0,1,0
72000.0,62.0,23.0,2025-02-28 16:44:00,31094685962,0.5,0,2025-01-07 09:15,0,144000.0,2024-12-27 16:45:00,2025-01-29 11:25,6,0,0,0,0,0,0,0,0,0,0,0,1,0,0,0,0,0,1,0,0,0,0,1,0,0
60000.0,0.0,,2024-12-27 13:07:00,31085879129,1.0,1,2024-12-18 11:00,0,60000.0,2024-12-27 13:07:00,2024-12-27 13:13,7,0,0,0,0,0,1,0,0,0,0,0,0,0,1,0,0,0,1,0,0,0,0,1,0,0
18000.0,149.0,17.0,2025-05-22 17:16:00,30914795108,0.2,0,2025-02-14 09:00,0,90000.0,2024-12-23 16:18:00,2025-02-14 09:00,2,0,0,0,0,0,0,0,0,0,0,0,1,0,0,0,0,1,1,0,0,0,0,0,0,0
7840.0,134.0,53.0,2025-05-01 15:51:00,30658873758,0.8,0,2025-02-14 09:31,0,9800.0,2024-12-17 15:52:00,2025-02-14 10:33,8,0,0,0,0,0,1,0,0,0,0,0,0,0,0,0,0,1,1,0,0,0,0,0,0,1
6000.0,149.0,15.0,2025-05-16 15:43:00,30658872628,0.2,0,2025-02-14 09:58,0,30000.0,2024-12-17 15:44:00,2025-02-14 10:59,2,0,1,0,0,0,0,0,0,0,0,0,0,0,0,0,0,1,1,0,0,0,0,0,0,0
6000.0,148.0,14.0,2025-05-15 15:40:00,30658872107,0.2,0,2025-02-14 09:35,0,30000.0,2024-12-17 15:41:00,2025-02-14 10:36,2,0,0,0,0,0,1,0,0,0,0,0,0,0,0,0,0,0,1,0,0,0,0,0,0,1
7500.0,37.0,31.0,2025-01-24 12:32:00,30678155410,0.5,0,2025-02-14 09:19,0,15000.0,2024-12-17 15:38:00,2025-02-14 10:24,6,0,0,0,0,0,1,0,0,0,0,0,0,0,0,0,0,0,1,0,0,0,0,0,0,1
12000.0,149.0,9.0,2025-05-15 14:29:00,30462267311,0.2,0,2024-12-16 16:26,0,60000.0,2024-12-16 14:30:00,2024-12-24 08:20,2,0,0,0,0,0,0,1,0,0,0,0,0,0,0,0,0,0,1,0,0,0,0,1,0,0
20000.0,199.0,17.0,2025-07-01 13:00:00,30366316072,0.2,0,,0,100000.0,2024-12-13 13:03:00,2025-01-02 11:45,2,0,0,0,0,0,1,0,0,0,0,0,0,0,0,0,1,0,1,0,0,0,0,1,0,0
6000.0,171.0,9.0,2025-06-03 12:55:00,30366315268,0.2,0,2024-12-13 13:35,0,30000.0,2024-12-13 12:56:00,2024-12-26 01:49,2,0,0,1,0,0,0,0,0,0,0,0,0,0,0,0,1,0,1,0,0,0,0,1,0,0
6000.0,149.0,5.0,2025-05-12 12:53:00,30366314920,0.2,0,2024-12-17 09:28,0,30000.0,2024-12-13 12:54:00,2025-01-07 13:34,2,0,0,1,0,0,0,0,0,0,0,0,0,0,0,0,1,0,1,0,0,0,0,1,0,0
6000.0,149.0,9.0,2025-05-12 12:50:00,30364426407,0.2,0,2024-12-11 13:59,0,30000.0,2024-12-13 12:52:00,2024-12-25 09:24,2,0,0,1,0,0,0,0,0,0,0,0,0,0,0,0,1,0,1,0,0,0,0,1,0,0
20000.0,149.0,14.0,2025-05-12 12:36:00,30366312740,0.2,0,2025-01-30 15:28,0,100000.0,2024-12-13 12:37:00,2025-02-19 06:41,2,0,0,0,1,0,0,0,0,0,0,0,0,0,0,0,1,0,1,0,0,0,0,1,0,0
3600.0,53.0,,2025-02-02 20:40:00,30181727847,1.0,1,2025-02-11 17:00,0,3600.0,2024-12-11 16:45:00,2025-02-20 15:29,7,0,0,1,0,0,0,0,0,0,0,0,0,0,1,0,0,0,1,0,0,0,0,1,0,0
4200.0,273.0,30.0,2025-09-11 16:34:00,30188807349,0.7,0,2024-12-18 17:00,0,6000.0,2024-12-11 16:36:00,2025-01-14 13:29,9,0,0,0,0,0,1,0,0,0,0,0,0,0,0,1,0,0,1,0,0,0,0,1,0,0
4500.0,68.0,,2025-02-12 09:16:00,29909537170,1.0,1,2025-02-12 11:45,0,4500.0,2024-12-05 12:43:00,2025-02-12 11:57,7,0,0,0,0,0,1,0,0,0,0,0,0,0,1,0,0,0,0,0,0,0,0,0,1,0
5000.0,68.0,,2025-02-12 09:16:00,29903516742,1.0,1,2025-02-12 11:45,0,5000.0,2024-12-05 12:42:00,2025-02-12 11:57,7,0,0,0,0,0,1,0,0,0,0,0,0,0,1,0,0,0,0,0,0,0,0,0,1,0
30000.0,68.0,,2025-02-12 09:16:00,29909536831,1.0,1,2025-02-12 11:45,0,30000.0,2024-12-05 12:41:00,2025-02-12 11:57,7,0,0,0,0,0,0,1,0,0,0,0,0,0,1,0,0,0,0,0,0,0,0,1,0,0
0.0,70.0,,2025-02-13 13:25:00,29874514335,0.0,0,2024-12-04 11:00,1,55000.0,2024-12-04 16:53:00,2025-02-13 13:26,7,0,0,0,0,0,1,0,0,0,0,0,0,0,0,0,1,0,1,0,0,0,0,1,0,0
6000.0,132.0,12.0,2025-04-16 14:40:00,29857459859,0.2,0,2025-02-14 15:00,0,30000.0,2024-12-04 14:41:00,2025-02-14 16:01,2,0,0,0,1,0,0,0,0,0,0,0,0,0,0,0,1,0,1,0,0,0,0,1,0,0
0.0,58.0,,2025-01-29 16:54:00,29772670982,0.0,0,2024-12-18 14:00,1,6000.0,2024-12-02 10:55:00,2025-01-29 16:54,7,0,0,1,0,0,0,0,0,0,0,0,0,0,0,0,1,0,0,0,0,0,0,1,0,0
4500.0,9.0,,2024-12-11 16:32:00,29770676800,1.0,1,2024-12-10 15:00,0,4500.0,2024-12-02 10:43:00,2024-12-23 12:52,7,0,0,1,0,0,0,0,0,0,0,0,0,0,1,0,0,0,1,0,0,0,0,0,1,0
10000.0,148.0,7.0,2025-04-23 10:50:00,29547238775,0.2,0,2024-12-03 10:36,0,50000.0,2024-11-25 10:51:00,2024-12-11 04:44,2,0,0,0,1,0,0,0,0,0,0,0,0,0,0,0,1,0,1,0,0,0,0,1,0,0
20000.0,148.0,8.0,2025-04-23 09:21:00,29547220914,0.2,0,2024-12-13 12:22,0,100000.0,2024-11-25 09:22:00,2024-12-24 23:18,2,0,0,0,0,0,1,0,0,0,0,0,0,0,0,0,1,0,1,0,0,0,0,1,0,0
6000.0,106.0,8.0,2025-03-12 09:12:00,29539001767,0.2,0,2025-01-09 10:05,0,30000.0,2024-11-25 09:13:00,2025-01-22 17:29,2,0,0,0,1,0,0,0,0,0,0,0,0,0,0,0,0,1,1,0,0,0,0,1,0,0
18000.0,113.0,9.0,2025-03-19 09:04:00,29539000838,0.2,0,2024-12-19 13:23,0,90000.0,2024-11-25 09:07:00,2024-12-31 12:46,2,0,0,0,0,0,1,0,0,0,0,0,0,0,0,0,0,1,1,0,0,0,0,1,0,0
1820.0,95.0,6.0,2025-02-28 12:28:00,29538999969,0.2,0,2024-12-23 15:30,0,9100.0,2024-11-25 09:02:00,2025-01-16 14:08,5,0,0,0,1,0,0,0,0,0,0,0,0,0,0,0,0,0,1,0,0,0,0,1,0,0
10000.0,149.0,5.0,2025-04-24 08:57:00,29545199948,0.2,0,2024-12-17 16:43,0,50000.0,2024-11-25 08:59:00,2024-12-25 03:29,2,0,0,0,1,0,0,0,0,0,0,0,0,0,0,0,1,0,1,0,0,0,0,1,0,0
3000.0,106.0,19.0,2025-03-12 08:54:00,29545199489,0.1,0,,0,30000.0,2024-11-25 08:56:00,2025-01-07 20:38,3,0,0,0,1,0,0,0,0,0,0,0,0,0,0,0,0,1,1,0,0,0,0,1,0,0
0.0,149.0,8.0,2025-04-19 13:16:00,29386780598,0.05,0,2025-02-19 17:00,0,0.0,2024-11-20 12:17:00,2025-02-19 17:09,1,0,0,0,0,0,0,0,0,1,0,0,0,0,0,0,1,0,0,0,0,0,0,1,0,0
0.0,149.0,8.0,2025-04-19 13:15:00,29386780450,0.05,0,2025-02-19 17:00,0,0.0,2024-11-20 12:16:00,2025-02-19 17:09,1,0,0,0,0,0,0,0,0,1,0,0,0,0,0,0,1,0,0,0,0,0,0,1,0,0
0.0,149.0,8.0,2025-04-19 13:13:00,29393304473,0.05,0,2025-02-19 17:00,0,0.0,2024-11-20 12:14:00,2025-02-19 17:09,1,0,0,0,0,0,0,0,0,1,0,0,0,0,0,0,1,0,0,0,0,0,0,1,0,0
0.0,149.0,8.0,2025-04-19 11:59:00,29386766607,0.05,0,2025-02-19 17:00,0,0.0,2024-11-20 10:59:00,2025-02-19 17:09,1,0,0,0,0,0,0,0,0,1,0,0,0,0,0,0,1,0,0,0,0,0,0,1,0,0
0.0,0.0,14.0,2025-02-19 17:00:00,29386126911,0.05,0,2025-02-19 17:00,0,0.0,2024-11-20 10:58:00,2025-02-19 17:09,1,0,0,0,0,0,0,0,0,1,0,0,0,0,0,0,1,0,0,0,0,0,0,1,0,0
0.0,149.0,8.0,2025-04-19 11:54:00,29386765884,0.05,0,,0,0.0,2024-11-20 10:56:00,2025-02-18 19:54,1,0,0,0,0,0,0,0,0,1,0,0,0,0,0,0,1,0,0,0,0,0,0,1,0,0
0.0,149.0,8.0,2025-04-19 11:48:00,29386765139,0.05,0,,0,0.0,2024-11-20 10:52:00,2025-02-18 19:52,1,0,0,0,0,0,0,0,0,1,0,0,0,0,0,0,1,0,0,0,0,0,0,1,0,0
0.0,96.0,,2025-02-13 13:20:00,28880509079,0.0,0,2024-11-26 15:17,1,18000.0,2024-11-08 14:23:00,2025-02-13 13:21,7,0,0,0,0,0,0,0,0,0,1,0,0,0,0,0,1,0,1,0,0,0,0,1,0,0
5000.0,0.0,,2024-09-19 19:37:00,28866556591,1.0,1,2025-02-12 23:45,0,5000.0,2024-11-07 18:34:00,2025-02-12 23:44,7,0,0,0,0,1,0,0,0,0,0,0,0,0,1,0,0,0,1,0,0,0,0,0,1,0
21750.0,157.0,24.0,2025-04-11 14:15:00,28758159921,0.5,0,2025-02-20 13:53,0,43500.0,2024-11-05 10:54:00,2025-02-20 13:53,6,0,0,0,0,0,1,0,0,0,0,0,0,0,0,0,0,0,1,0,0,0,0,1,0,0
46080.0,207.0,25.0,2025-05-31 09:49:00,28700923268,0.6,0,2025-02-14 09:17,0,76800.0,2024-11-04 09:35:00,2025-02-19 06:27,4,0,0,0,0,0,1,0,0,0,0,0,0,0,0,1,0,0,0,0,0,0,0,0,0,0
6000.0,149.0,8.0,2025-04-03 10:25:00,28700427704,0.2,0,2024-11-21 16:30,0,30000.0,2024-11-04 09:26:00,2025-02-11 04:44,2,0,0,0,0,0,0,0,0,0,0,0,1,0,0,0,0,1,1,0,0,0,0,1,0,0
18000.0,77.0,,2025-01-15 10:33:00,28525080726,1.0,1,2024-12-19 14:00,0,18000.0,2024-10-30 09:28:00,2025-02-11 10:32,7,1,0,0,0,0,0,0,0,0,0,0,0,0,1,0,0,0,0,1,0,0,0,1,0,0
0.0,108.0,,2025-02-13 13:32:00,28423882503,0.0,0,2025-02-05 11:07,1,144000.0,2024-10-28 14:12:00,2025-02-13 13:33,7,0,0,0,0,0,0,0,0,0,0,1,0,0,0,0,1,0,1,0,0,0,0,1,0,0
13200.0,152.0,8.0,2025-03-19 22:29:00,28713158659,0.2,0,2024-11-25 12:09,0,66000.0,2024-10-18 12:12:00,2025-01-16 20:26,2,0,0,0,1,0,0,0,0,0,0,0,0,0,0,0,0,1,1,0,0,0,0,1,0,0
1000.0,70.0,13.0,2024-12-27 11:47:00,23368682664,0.2,0,2025-01-24 10:53,0,5000.0,2024-10-18 11:50:00,2025-02-05 07:45,2,0,0,0,1,0,0,0,0,0,0,0,0,0,0,0,1,0,1,0,0,0,0,1,0,0
22800.0,225.0,19.0,2025-05-31 15:07:00,23375900245,0.6,0,2025-02-14 09:43,0,38000.0,2024-10-18 11:49:00,2025-02-14 10:22,4,0,0,0,0,0,1,0,0,0,0,0,0,0,0,1,0,0,1,0,0,0,0,0,0,0
13200.0,149.0,30.0,2025-03-15 14:07:00,23317813521,0.2,0,2025-02-19 18:12,0,66000.0,2024-10-16 14:08:00,2025-02-19 18:12,5,1,0,0,0,0,0,0,0,0,0,0,0,0,0,0,0,0,1,0,0,0,0,1,0,0
5000.0,108.0,19.0,2025-01-31 12:26:00,23247429695,0.5,0,2025-02-14 09:31,0,10000.0,2024-10-15 12:36:00,2025-02-14 10:33,6,1,0,0,0,0,0,0,0,0,0,0,0,0,0,0,0,0,1,0,0,0,0,0,0,0
7500.0,108.0,23.0,2025-01-31 12:50:00,23247275647,0.5,0,2025-02-14 09:31,0,15000.0,2024-10-15 12:31:00,2025-02-14 10:33,6,1,0,0,0,0,0,0,0,0,0,0,0,0,0,0,0,0,1,0,0,0,0,0,0,0
0.0,63.0,,2024-12-17 12:52:00,23247426827,0.0,0,2024-10-22 11:00,1,23544.0,2024-10-15 12:19:00,2025-01-30 14:04,7,0,0,0,0,0,1,0,0,0,0,0,0,0,0,0,1,0,0,1,0,0,0,0,0,0
6000.0,148.0,5.0,2025-03-12 14:36:00,23245883816,0.2,0,2024-12-03 11:19,0,30000.0,2024-10-15 11:53:00,2025-01-13 19:19,2,0,0,0,0,0,0,0,0,0,0,1,0,0,0,0,1,0,1,0,0,0,0,1,0,0
46200.0,147.0,41.0,2025-03-07 13:10:00,23172924024,0.7,0,2025-02-17 07:30,0,66000.0,2024-10-11 12:10:00,2025-02-17 08:14,7,0,0,0,0,0,0,0,0,1,0,0,0,0,1,0,0,0,1,0,0,0,0,1,0,0
0.0,117.0,,2025-02-05 12:01:00,23172923267,0.0,0,2024-11-26 00:06,1,25000.0,2024-10-11 12:04:00,2025-02-05 12:02,7,0,0,0,0,0,0,0,0,1,0,0,0,0,0,0,1,0,0,0,0,0,0,1,0,0
0.0,125.0,,2025-02-13 13:26:00,23142937010,0.0,0,2024-11-27 10:32,1,66000.0,2024-10-10 14:33:00,2025-02-13 13:26,7,0,0,0,0,0,1,0,0,0,0,0,0,0,0,0,1,0,1,0,0,0,0,1,0,0
0.0,129.0,,2025-02-13 13:21:00,22997393587,0.0,0,2024-11-05 10:38,1,18000.0,2024-10-07 11:17:00,2025-02-13 13:21,7,0,0,0,0,0,0,1,0,0,0,0,0,0,0,0,1,0,1,0,0,0,0,1,0,0
10000.0,0.0,,2024-10-02 12:25:00,22863736667,1.0,1,2025-01-01 09:00,0,10000.0,2024-10-02 12:25:00,2025-02-11 10:46,7,0,0,0,0,0,0,0,0,1,0,0,0,0,1,0,0,0,0,1,0,0,0,0,1,0
304000.0,254.0,61.0,2025-06-12 14:40:00,22813103370,0.8,0,2025-02-19 12:08,0,380000.0,2024-09-30 14:42:00,2025-02-19 12:08,8,0,0,0,0,0,1,0,0,0,0,0,0,0,1,0,0,0,1,0,0,0,0,0,0,1
24000.0,181.0,57.0,2025-03-31 14:28:00,22813472362,0.8,0,2025-02-18 15:30,0,30000.0,2024-09-30 14:31:00,2025-02-20 10:46,8,0,0,0,0,0,1,0,0,0,0,0,0,0,1,0,0,0,1,0,0,0,0,0,0,1
19200.0,273.0,68.0,2025-07-01 14:24:00,22813842453,0.8,0,2025-02-14 15:30,0,24000.0,2024-09-30 14:25:00,2025-02-14 15:54,8,0,0,0,0,0,1,0,0,0,0,0,0,0,1,0,0,0,1,0,0,0,0,0,0,1
5000.0,140.0,,2025-02-18 10:15:00,22813841238,1.0,1,,0,5000.0,2024-09-30 14:15:00,2025-02-18 10:15,7,0,0,0,0,0,1,0,0,0,0,0,0,0,1,0,0,0,1,0,0,0,0,0,0,1
5000.0,115.0,,2025-01-24 11:34:00,22813468222,1.0,1,2024-12-10 11:00,0,5000.0,2024-09-30 13:57:00,2025-01-24 11:34,7,0,0,0,0,0,1,0,0,0,0,0,0,0,1,0,0,0,1,0,0,0,0,0,0,1
8100.0,138.0,,2025-02-12 11:22:00,22681760840,1.0,1,,0,8100.0,2024-09-27 09:28:00,2025-02-12 11:22,7,0,0,0,0,0,1,0,0,0,0,0,0,0,0,0,0,0,1,0,0,0,0,0,0,0
15000.0,150.0,17.0,2025-02-22 13:58:00,22643138974,0.1,0,2024-12-19 11:00,0,150000.0,2024-09-25 14:00:00,2025-02-18 19:22,3,0,0,0,0,0,0,0,0,0,1,0,0,0,0,0,0,1,0,1,0,0,0,1,0,0
30400.0,146.0,,2025-02-19 10:42:00,31622890817,1.0,1,2025-02-14 09:15,0,30400.0,2024-09-25 12:56:00,2025-02-19 10:43,7,0,0,0,0,0,0,0,0,1,0,0,0,0,1,0,0,0,0,1,0,0,0,0,0,0
2400.0,309.0,50.0,2025-07-31 10:52:00,22568943391,0.8,0,2025-02-18 13:45,0,3000.0,2024-09-24 10:53:00,2025-02-19 10:45,8,0,0,0,0,0,1,0,0,0,0,0,0,0,1,0,0,0,1,0,0,0,0,0,0,1
15000.0,150.0,14.0,2025-02-20 21:51:00,22549228912,0.1,0,2024-11-20 13:08,0,150000.0,2024-09-23 21:52:00,2025-02-17 19:40,3,0,0,0,0,0,0,0,0,0,0,0,1,0,0,0,0,1,0,1,0,0,0,1,0,0
5000.0,149.0,12.0,2025-02-19 14:48:00,22549184338,0.2,0,2024-12-04 10:21,0,25000.0,2024-09-23 14:48:00,2025-02-19 14:49,2,0,0,0,0,0,0,0,0,0,0,1,0,0,0,0,1,0,0,0,0,0,1,1,0,0
21000.0,67.0,,2024-11-29 16:29:00,22549172369,1.0,1,2025-01-07 13:00,0,21000.0,2024-09-23 13:37:00,2025-01-14 16:29,7,0,0,0,0,0,1,0,0,0,0,0,0,0,1,0,0,0,1,0,0,0,0,0,0,1
187000.0,128.0,,2025-01-29 16:45:00,22539098185,1.0,1,2025-01-17 14:49,0,187000.0,2024-09-23 08:14:00,2025-02-18 08:31,7,0,0,0,0,0,1,0,0,0,0,0,0,0,1,0,0,0,0,1,0,0,0,1,0,0
0.0,109.0,,2025-01-07 13:56:00,22458911851,0.0,0,2024-11-19 16:08,1,93000.0,2024-09-20 11:56:00,2025-02-13 13:20,7,0,0,0,0,0,0,0,0,0,1,0,0,0,0,0,1,0,1,0,0,0,0,1,0,0
0.0,150.0,17.0,2025-02-16 21:09:00,22430126207,0.05,0,2024-11-21 17:02,0,0.0,2024-09-19 21:10:00,2025-02-18 19:38,1,0,0,0,0,0,0,0,0,1,0,0,0,0,0,0,0,1,1,0,0,0,0,1,0,0
627920.0,467.0,54.0,2025-12-31 10:34:00,22424270143,0.8,0,2025-02-20 11:31,0,784900.0,2024-09-19 13:40:00,2025-02-20 11:32,8,0,0,0,0,0,1,0,0,0,0,0,0,0,1,0,0,0,1,0,0,0,0,0,0,1
52800.0,253.0,63.0,2025-05-31 13:18:00,22424217480,0.8,0,2025-02-17 12:00,0,66000.0,2024-09-19 13:27:00,2025-02-17 12:03,8,0,0,0,0,0,1,0,0,0,0,0,0,0,1,0,0,0,1,0,0,0,0,0,0,1
17248.0,1045.0,49.0,2027-08-01 09:01:00,22413073409,0.8,0,2025-02-14 09:51,0,21560.0,2024-09-19 09:03:00,2025-02-14 09:51,8,0,0,0,0,0,1,0,0,0,0,0,0,0,0,0,1,0,1,0,0,0,0,0,0,1
7200.0,146.0,,2025-02-12 11:38:00,22413072747,1.0,1,2025-02-10 10:00,0,7200.0,2024-09-19 08:59:00,2025-02-12 11:39,7,0,0,0,0,0,1,0,0,0,0,0,0,0,1,0,0,0,1,0,0,0,0,0,0,1
15000.0,60.0,,2024-11-18 13:49:00,22412744791,1.0,1,2024-11-14 10:04,0,15000.0,2024-09-19 08:31:00,2025-02-07 14:12,7,0,0,0,0,0,1,0,0,0,0,0,0,0,1,0,0,0,1,0,0,0,0,0,0,1
0.0,107.0,19.0,2025-01-03 15:09:00,22395214925,0.2,0,2024-12-02 09:52,0,0.0,2024-09-18 15:10:00,2025-02-20 13:20,2,0,0,0,1,0,0,0,0,0,0,0,0,0,0,0,0,1,0,0,0,0,0,0,1,0
18000.0,104.0,11.0,2024-12-31 09:53:00,22372859798,0.6,0,2025-01-31 12:30,0,30000.0,2024-09-17 16:15:00,2025-02-14 11:35,4,0,0,0,0,0,1,0,0,0,0,0,0,0,0,1,0,0,0,1,0,0,0,1,0,0
12500.0,10.0,,2024-09-26 22:44:00,22340729779,1.0,1,2024-09-29 22:23,0,12500.0,2024-09-16 21:17:00,2024-12-23 10:25,7,0,0,0,0,0,0,0,0,0,0,0,1,0,1,0,0,0,1,0,0,0,0,0,0,0
0.0,149.0,15.0,2025-02-10 11:48:00,22254233163,0.05,0,2024-11-26 00:06,0,0.0,2024-09-13 12:49:00,2025-02-20 01:09,1,0,0,0,0,0,0,0,0,1,0,0,0,0,0,0,1,0,0,0,0,0,0,1,0,0
10000.0,272.0,23.0,2025-06-13 10:37:00,33587003023,0.2,0,2025-02-19 12:02,0,50000.0,2024-09-13 12:45:00,2025-02-19 13:48,2,0,0,0,0,0,0,0,0,1,0,0,0,0,0,0,0,1,1,0,0,0,0,1,0,0
66000.0,81.0,,2024-12-02 13:56:00,22200267917,1.0,1,2024-11-28 12:30,0,66000.0,2024-09-12 12:28:00,2025-01-10 18:27,7,0,0,0,0,0,0,0,0,1,0,0,0,0,1,0,0,0,0,0,0,0,0,1,0,0
0.0,156.0,,2025-02-13 13:22:00,22090648230,0.0,0,2024-12-11 09:00,1,55000.0,2024-09-09 15:55:00,2025-02-13 13:23,7,0,0,0,0,0,0,0,0,0,0,1,0,0,0,0,1,0,0,1,0,0,0,1,0,0
13200.0,203.0,28.0,2025-04-01 15:37:00,22086573062,0.2,0,2025-01-24 12:34,0,66000.0,2024-09-09 15:39:00,2025-02-12 08:35,2,0,0,0,1,0,0,0,0,0,0,0,0,0,0,0,1,0,1,0,0,0,0,1,0,0
72000.0,0.0,,2024-09-03 13:02:00,21900634765,1.0,1,2024-09-04 13:30,0,72000.0,2024-09-03 12:58:00,2025-02-19 10:45,7,0,0,0,0,0,1,0,0,0,0,0,0,0,1,0,0,0,1,0,0,0,0,0,0,1
0.0,149.0,5.0,2025-01-27 09:46:00,21820305669,0.05,0,2024-11-26 00:06,0,0.0,2024-08-30 10:47:00,2025-02-19 08:50,1,0,0,0,0,0,0,0,0,1,0,0,0,0,0,0,1,0,0,0,0,0,0,1,0,0
0.0,149.0,5.0,2025-01-27 09:32:00,21820261436,0.05,0,2024-10-11 15:00,0,0.0,2024-08-30 10:35:00,2025-01-28 19:13,1,0,0,0,0,0,0,0,0,1,0,0,0,0,0,0,1,0,0,0,0,0,0,1,0,0
0.0,149.0,5.0,2025-01-24 07:43:00,21757317536,0.05,0,2024-10-11 15:00,0,0.0,2024-08-27 08:47:00,2025-01-25 20:00,1,0,0,0,0,0,0,0,0,1,0,0,0,0,0,0,1,0,0,0,0,0,0,1,0,0
0.0,149.0,13.0,2025-01-23 11:38:00,21721674246,0.05,0,2025-02-14 09:47,0,0.0,2024-08-26 12:44:00,2025-02-14 10:48,1,0,0,0,0,0,0,0,0,1,0,0,0,0,0,0,1,0,1,0,0,0,0,1,0,0
0.0,40.0,,2024-10-03 09:36:00,21669003882,0.0,0,2024-08-14 15:05,1,18000.0,2024-08-23 11:32:00,2024-12-16 14:04,7,0,0,0,1,0,0,0,0,0,0,0,0,0,0,0,1,0,1,0,0,0,0,1,0,0
180000.0,242.0,28.0,2025-04-11 14:10:00,21300551716,0.6,0,2025-02-10 13:00,0,300000.0,2024-08-12 11:24:00,2025-02-20 12:44,4,0,0,0,0,0,1,0,0,0,0,0,0,0,0,1,0,0,1,0,0,0,0,1,0,0
12000.0,203.0,5.0,2025-02-28 09:57:00,21231151119,0.2,0,2024-09-30 17:00,0,60000.0,2024-08-08 13:54:00,2025-01-27 18:34,5,0,0,0,1,0,0,0,0,0,0,0,0,0,0,0,0,0,1,0,0,0,0,1,0,0
18000.0,176.0,35.0,2025-01-31 21:52:00,21230109099,0.6,0,2024-12-05 14:01,0,30000.0,2024-08-08 12:36:00,2025-02-19 08:02,4,0,0,0,1,0,0,0,0,0,0,0,0,0,0,1,0,0,1,0,0,0,0,1,0,0
9600.0,254.0,12.0,2025-04-18 14:13:00,21197775645,0.2,0,2025-01-21 11:00,0,48000.0,2024-08-06 17:08:00,2025-02-13 14:14,5,0,0,0,0,0,0,0,0,0,1,0,0,0,0,0,0,0,1,0,0,0,0,1,0,0
0.0,58.0,,2024-10-03 09:33:00,21173838851,0.0,0,2024-09-19 14:56,1,3600.0,2024-08-05 10:58:00,2024-10-03 09:33,7,0,0,0,0,0,0,0,0,0,0,0,1,0,0,0,1,0,1,0,0,0,0,1,0,0
0.0,192.0,,2025-02-13 13:23:00,21173715782,0.0,0,2025-01-23 10:59,1,30000.0,2024-08-05 10:46:00,2025-02-13 13:23,7,0,0,0,0,0,0,0,0,0,0,0,1,0,0,0,1,0,1,0,0,0,0,1,0,0
0.0,154.0,,2025-01-06 21:53:00,21173004363,0.0,0,2024-08-08 11:30,1,30000.0,2024-08-05 10:42:00,2025-01-06 21:54,7,0,0,0,1,0,0,0,0,0,0,0,0,0,0,0,1,0,1,0,0,0,0,1,0,0
50000.0,239.0,11.0,2025-03-28 11:26:00,21113223987,0.5,0,2025-02-14 09:52,0,100000.0,2024-08-01 09:32:00,2025-02-14 09:52,6,0,0,0,0,1,0,0,0,0,0,0,0,0,0,0,0,0,1,0,0,0,0,1,0,0
3000.0,0.0,,2024-07-31 17:11:00,21094179915,1.0,1,2024-07-24 14:00,0,3000.0,2024-07-31 14:00:00,2025-02-19 10:45,7,0,0,0,0,0,1,0,0,0,0,0,0,0,1,0,0,0,1,0,0,0,0,1,0,0
0.0,190.0,,2025-02-05 12:02:00,21070059926,0.0,0,2024-10-31 13:14,1,30000.0,2024-07-30 10:47:00,2025-02-05 12:03,7,0,0,0,0,0,0,0,0,0,0,0,1,0,0,0,1,0,1,0,0,0,0,1,0,0
6250.0,32.0,,2024-08-28 09:24:00,21004614213,1.0,1,2024-10-17 11:21,0,6250.0,2024-07-26 17:36:00,2024-12-23 10:25,7,0,0,0,0,0,0,0,0,0,0,0,1,0,1,0,0,0,1,0,0,0,0,0,0,0
10000.0,212.0,29.0,2025-02-14 12:42:00,20819262787,0.5,0,2025-02-03 09:31,0,20000.0,2024-07-17 12:57:00,2025-02-19 04:52,6,0,0,0,0,0,0,0,0,0,0,0,0,1,0,0,0,0,1,0,0,0,0,1,0,0
7200.0,132.0,,2024-11-19 12:41:00,20634942017,1.0,1,2024-11-08 14:00,0,7200.0,2024-07-09 13:56:00,2024-12-17 12:41,7,0,0,0,0,0,1,0,0,0,0,0,0,0,1,0,0,0,1,0,0,0,0,0,0,1
0.0,27.0,,2024-07-29 22:44:00,20482041196,0.0,0,2024-10-01 09:11,1,30000.0,2024-07-02 07:53:00,2024-10-11 15:20,7,0,0,0,0,0,0,0,0,1,0,0,0,0,0,0,1,0,1,0,0,0,0,1,0,0
10800.0,227.0,25.0,2025-02-14 11:57:00,20482040998,0.6,0,2024-12-02 09:39,0,18000.0,2024-07-02 07:51:00,2025-02-20 06:13,4,0,0,0,1,0,0,0,0,0,0,0,0,0,0,1,0,0,1,0,0,0,0,1,0,0
175000.0,220.0,35.0,2025-01-31 14:25:00,20329423023,0.7,0,2025-02-14 08:55,0,250000.0,2024-06-25 12:54:00,2025-02-14 09:56,9,0,0,0,1,0,0,0,0,0,0,0,0,0,0,1,0,0,1,0,0,0,0,1,0,0
0.0,158.0,22.0,2024-11-30 12:46:00,20308836902,0.7,0,2025-02-20 14:26,0,0.0,2024-06-24 19:26:00,2025-02-20 15:27,9,0,0,0,0,0,0,0,0,0,0,0,1,0,0,1,0,0,1,0,0,0,0,0,0,0
16000.0,235.0,4.0,2025-02-14 12:43:00,20298991512,0.2,0,2024-09-09 08:00,0,80000.0,2024-06-24 09:44:00,2025-02-15 19:56,5,0,0,0,1,0,0,0,0,0,0,0,0,0,0,0,0,0,1,0,0,0,0,1,0,0
0.0,101.0,,2024-09-30 14:52:00,20243210618,0.0,0,2024-08-08 11:55,1,30000.0,2024-06-21 11:30:00,2024-09-30 15:07,7,0,0,0,1,0,0,0,0,0,0,0,0,0,0,0,1,0,0,0,0,0,0,1,0,0
150000.0,203.0,32.0,2025-01-10 13:45:00,20242942753,0.6,0,2025-01-30 13:30,0,250000.0,2024-06-21 11:08:00,2025-02-11 19:08,4,0,0,0,1,0,0,0,0,0,0,0,0,0,0,1,0,0,1,0,0,0,0,1,0,0
36000.0,298.0,9.0,2025-04-11 22:49:00,20139307521,0.6,0,2024-10-28 19:01,0,60000.0,2024-06-17 10:04:00,2025-01-06 22:50,4,0,0,0,0,0,1,0,0,0,0,0,0,0,0,1,0,0,1,0,0,0,0,1,0,0
177000.0,195.0,,2024-12-23 12:57:00,20009427593,1.0,1,2025-02-05 15:50,0,177000.0,2024-06-11 13:25:00,2025-02-05 15:51,7,0,0,0,1,0,0,0,0,0,0,0,0,0,1,0,0,0,1,0,0,0,0,1,0,0
2500.0,101.0,,2024-09-03 09:32:00,21898600538,1.0,1,2024-05-24 10:30,0,2500.0,2024-05-24 13:34:00,2025-01-29 14:43,7,0,1,0,0,0,0,0,0,0,0,0,0,0,1,0,0,0,1,0,0,0,0,0,1,0
0.0,105.0,,2024-09-04 21:55:00,19547859877,0.0,0,2024-11-14 11:19,1,30000.0,2024-05-22 16:20:00,2025-02-12 11:57,7,0,0,0,0,0,0,1,0,0,0,0,0,0,0,0,1,0,0,0,0,0,0,1,0,0
7500.0,110.0,,2024-09-03 09:46:00,19393070415,1.0,1,2024-09-10 11:41,0,7500.0,2024-05-15 15:49:00,2025-02-18 08:31,7,0,0,1,0,0,0,0,0,0,0,0,0,0,1,0,0,0,0,1,0,0,0,0,1,0
0.0,70.0,,2024-07-19 09:35:00,19244602278,0.0,0,,1,30000.0,2024-05-09 10:49:00,2024-09-18 18:48,7,0,0,0,0,0,0,0,0,0,0,0,1,0,0,0,1,0,1,0,0,0,0,1,0,0
0.0,273.0,,2025-02-05 12:00:00,19202369890,0.0,0,2024-11-04 10:05,1,30000.0,2024-05-07 22:41:00,2025-02-05 12:00,7,0,0,0,0,0,0,0,0,0,0,0,1,0,0,0,1,0,1,0,0,0,0,1,0,0
0.0,0.0,7.0,2024-05-07 12:28:00,19190491061,0.05,0,,0,0.0,2024-05-07 12:28:00,2025-01-23 06:37,1,0,0,0,0,0,0,0,0,1,0,0,0,0,0,0,0,1,1,0,0,0,0,1,0,0
0.0,0.0,11.0,2025-01-06 15:08:00,19091989353,0.05,0,2025-01-06 15:08,0,0.0,2024-05-03 09:33:00,2025-02-07 23:56,1,0,0,0,0,0,0,0,0,1,0,0,0,0,0,0,1,0,0,0,0,0,0,1,0,0
0.0,0.0,12.0,2024-10-08 12:00:00,19091989146,0.05,0,2024-10-08 12:00,0,0.0,2024-05-03 09:31:00,2024-12-16 13:45,1,0,0,0,0,0,0,0,0,1,0,0,0,0,0,0,1,0,0,0,0,0,0,1,0,0
0.0,0.0,11.0,2024-09-10 12:00:00,19091988652,0.05,0,2024-09-10 12:00,0,0.0,2024-05-03 09:28:00,2024-12-16 13:45,1,0,0,0,0,0,0,0,0,1,0,0,0,0,0,0,1,0,0,0,0,0,0,1,0,0
0.0,0.0,11.0,2024-09-10 12:00:00,19091997620,0.05,0,2024-09-10 12:00,0,0.0,2024-05-03 09:25:00,2025-02-05 07:23,1,0,0,0,0,0,0,0,0,1,0,0,0,0,0,0,1,0,1,0,0,0,0,1,0,0
0.0,0.0,13.0,2024-08-16 10:30:00,19091997448,0.05,0,2024-08-16 10:30,0,0.0,2024-05-03 09:23:00,2025-01-02 07:10,1,0,0,0,0,0,0,0,0,1,0,0,0,0,0,0,1,0,0,0,0,0,0,1,0,0
0.0,0.0,7.0,2024-05-03 09:22:00,19091987753,0.05,0,,0,0.0,2024-05-03 09:22:00,2024-12-16 13:44,1,0,0,0,0,0,0,0,0,1,0,0,0,0,0,0,1,0,0,0,0,0,0,1,0,0
0.0,0.0,7.0,2024-05-03 09:20:00,19091997026,0.05,0,,0,0.0,2024-05-03 09:20:00,2024-12-16 13:45,1,0,0,0,0,0,0,0,0,1,0,0,0,0,0,0,1,0,0,0,0,0,0,1,0,0
0.0,0.0,7.0,2024-05-03 09:18:00,19091996932,0.05,0,,0,0.0,2024-05-03 09:18:00,2024-12-16 13:45,1,0,0,0,0,0,0,0,0,1,0,0,0,0,0,0,1,0,0,0,0,0,0,1,0,0
0.0,0.0,7.0,2024-05-03 09:14:00,19091753578,0.05,0,,0,0.0,2024-05-03 09:14:00,2024-12-16 13:45,1,0,0,0,0,0,0,0,0,1,0,0,0,0,0,0,1,0,0,0,0,0,0,1,0,0
0.0,0.0,7.0,2024-05-03 09:13:00,19091753377,0.05,0,,0,0.0,2024-05-03 09:13:00,2024-12-16 13:44,1,0,0,0,0,0,0,0,0,1,0,0,0,0,0,0,1,0,0,0,0,0,0,1,0,0
0.0,0.0,7.0,2024-05-03 09:11:00,19091775661,0.05,0,,0,0.0,2024-05-03 09:11:00,2024-12-16 13:44,1,0,0,0,0,0,0,0,0,1,0,0,0,0,0,0,1,0,0,0,0,0,0,1,0,0
0.0,0.0,7.0,2024-05-03 09:10:00,19091753027,0.05,0,,0,0.0,2024-05-03 09:10:00,2024-12-16 13:44,1,0,0,0,0,0,0,0,0,1,0,0,0,0,0,0,1,0,0,0,0,0,0,1,0,0
6000.0,332.0,16.0,2025-03-31 12:28:00,19091774126,0.2,0,2025-02-20 08:57,0,30000.0,2024-05-03 08:59:00,2025-02-20 08:57,5,0,0,0,0,0,0,0,0,1,0,0,0,0,0,0,0,0,1,0,0,0,0,1,0,0
0.0,0.0,7.0,2024-05-03 08:55:00,19091568939,0.05,0,,0,0.0,2024-05-03 08:55:00,2024-12-16 13:45,1,0,0,0,0,0,0,0,0,1,0,0,0,0,0,0,1,0,0,0,0,0,0,1,0,0
0.0,146.0,,2024-09-23 14:44:00,19009950725,0.0,0,2025-02-06 11:22,1,0.0,2024-04-30 12:43:00,2025-02-06 11:22,7,0,0,0,0,0,1,0,0,0,0,0,0,0,0,0,1,0,1,0,0,0,0,1,0,0
30000.0,96.0,,2024-08-03 15:31:00,19974759242,1.0,1,2024-08-08 16:00,0,30000.0,2024-04-29 14:58:00,2025-01-03 15:35,7,0,0,0,0,0,0,0,0,1,0,0,0,0,1,0,0,0,1,0,0,0,0,1,0,0
0.0,112.0,,2024-08-15 14:14:00,18875629455,0.0,0,2024-06-28 09:13,1,10000.0,2024-04-24 16:28:00,2024-09-11 16:36,7,0,0,0,0,0,0,0,1,0,0,0,0,0,0,0,1,0,0,1,0,0,0,1,0,0
10000.0,352.0,4.0,2025-04-11 12:58:00,18850648467,0.2,0,2024-11-27 10:58,0,50000.0,2024-04-23 16:51:00,2025-02-13 14:03,5,0,0,0,1,0,0,0,0,0,0,0,0,0,0,0,0,0,1,0,0,0,0,1,0,0
18000.0,166.0,,2024-10-07 10:03:00,18848038068,1.0,1,2024-12-04 16:16,0,18000.0,2024-04-23 15:21:00,2025-01-03 15:09,7,0,0,0,1,0,0,0,0,0,0,0,0,0,1,0,0,0,1,0,0,0,0,1,0,0
24000.0,113.0,,2024-08-14 22:00:00,18846917002,1.0,1,2024-09-11 15:29,0,24000.0,2024-04-23 13:51:00,2025-01-03 15:12,7,0,0,0,0,0,1,0,0,0,0,0,0,0,1,0,0,0,1,0,0,0,0,1,0,0
6200.0,298.0,2.0,2025-02-14 12:44:00,18821499312,0.2,0,2024-07-23 15:30,0,31000.0,2024-04-22 11:12:00,2025-02-15 19:14,5,0,0,0,0,0,0,0,1,0,0,0,0,0,0,0,0,0,0,0,0,0,0,1,0,0
0.0,0.0,7.0,2024-04-19 13:02:00,18761359228,0.05,0,,0,0.0,2024-04-19 13:02:00,2025-01-31 08:46,1,0,0,0,0,0,0,0,0,1,0,0,0,0,0,0,1,0,1,0,0,0,0,1,0,0
0.0,0.0,10.0,2024-11-27 10:35:00,18761410692,0.05,0,2024-11-27 10:35,0,0.0,2024-04-19 12:52:00,2025-02-19 09:38,1,0,0,0,0,0,0,0,0,1,0,0,0,0,0,0,1,0,1,0,0,0,0,1,0,0
0.0,0.0,11.0,2024-10-01 23:25:00,18761129128,0.05,0,2024-10-01 23:25,0,0.0,2024-04-19 12:40:00,2025-02-11 06:26,1,0,0,0,0,0,0,0,0,1,0,0,0,0,0,0,1,0,0,0,0,0,0,1,0,0
0.0,0.0,7.0,2024-05-08 12:34:00,18761125559,0.05,0,2024-05-08 12:34,0,0.0,2024-04-19 12:17:00,2025-02-11 06:45,1,0,0,0,0,0,0,0,0,1,0,0,0,0,0,0,1,0,0,0,0,0,0,1,0,0
46200.0,192.0,,2024-10-28 16:51:00,18760220715,0.7,0,2025-02-20 12:00,0,66000.0,2024-04-19 12:11:00,2025-02-20 14:53,9,0,0,0,0,0,0,0,0,1,0,0,0,0,0,1,0,0,1,0,0,0,0,1,0,0
0.0,0.0,7.0,2024-05-08 12:34:00,18761012365,0.05,0,2024-05-08 12:34,0,0.0,2024-04-19 12:09:00,2024-12-09 11:54,1,0,0,0,0,0,0,0,0,1,0,0,0,0,0,0,1,0,0,0,0,0,0,1,0,0
0.0,0.0,11.0,2025-02-18 13:45:00,18760957036,0.05,0,2025-02-18 13:45,0,0.0,2024-04-19 11:45:00,2025-02-19 10:45,1,0,0,0,0,0,0,0,0,1,0,0,0,0,0,0,1,0,1,0,0,0,0,1,0,0
0.0,0.0,7.0,2024-04-19 10:14:00,18758014821,0.05,0,,0,0.0,2024-04-19 10:14:00,2024-12-16 13:36,1,0,0,0,0,0,0,0,0,1,0,0,0,0,0,0,1,0,1,0,0,0,0,1,0,0
0.0,0.0,7.0,2024-05-08 12:34:00,18733026936,0.05,0,2024-05-08 12:34,0,0.0,2024-04-18 13:21:00,2024-12-09 11:54,1,0,0,0,0,0,0,0,0,1,0,0,0,0,0,0,1,0,0,0,0,0,0,1,0,0
0.0,0.0,7.0,2024-06-04 15:28:00,18732749183,0.05,0,2024-06-04 15:28,0,0.0,2024-04-18 12:24:00,2025-01-23 05:55,1,0,0,0,0,0,0,0,0,1,0,0,0,0,0,0,1,0,0,0,0,0,0,1,0,0
0.0,0.0,9.0,2024-09-23 22:54:00,18731955382,0.05,0,2024-09-23 22:54,0,0.0,2024-04-18 12:20:00,2025-01-21 11:48,1,0,0,0,0,0,0,0,0,1,0,0,0,0,0,0,1,0,0,0,0,0,0,1,0,0
6000.0,196.0,4.0,2024-10-31 15:45:00,18731091569,0.1,0,2024-09-05 09:40,0,60000.0,2024-04-18 11:00:00,2024-11-01 20:29,3,0,0,0,0,0,0,1,0,0,0,0,0,0,0,0,0,1,1,0,0,0,0,1,0,0
0.0,158.0,,2024-09-23 14:51:00,18729346199,0.0,0,2024-09-18 16:30,1,50000.0,2024-04-18 09:38:00,2025-02-11 04:38,7,0,0,0,0,0,1,0,0,0,0,0,0,0,0,0,1,0,1,0,0,0,0,0,0,0
7500.0,345.0,24.0,2025-03-28 11:26:00,18693596260,0.5,0,2025-02-20 09:03,0,15000.0,2024-04-16 22:57:00,2025-02-20 09:04,6,0,0,0,0,0,0,0,0,1,0,0,0,0,0,0,0,0,1,0,0,0,0,1,0,0
0.0,159.0,,2024-09-23 07:49:00,18693595992,0.0,0,2024-09-17 10:53,1,2000.0,2024-04-16 22:51:00,2024-09-23 07:49,7,0,0,0,0,0,0,0,0,1,0,0,0,0,0,0,1,0,1,0,0,0,0,1,0,0
10000.0,354.0,4.0,2025-04-04 12:59:00,18653885818,0.2,0,2024-12-17 13:00,0,50000.0,2024-04-15 10:14:00,2025-02-05 11:59,5,0,0,0,1,0,0,0,0,0,0,0,0,0,0,0,0,0,1,0,0,0,0,1,0,0
0.0,160.0,,2024-09-23 07:49:00,18652842313,0.0,0,2024-07-18 16:03,1,50000.0,2024-04-15 09:24:00,2024-11-14 10:32,7,0,0,0,1,0,0,0,0,0,0,0,0,0,0,0,1,0,1,0,0,0,0,1,0,0
0.0,281.0,,2025-01-14 13:52:00,18508596616,0.0,0,2024-10-02 15:20,1,5000.0,2024-04-08 11:06:00,2025-01-14 14:06,7,0,0,0,0,0,0,0,1,0,0,0,0,0,0,0,1,0,1,0,0,0,0,1,0,0
0.0,0.0,9.0,2025-02-14 09:47:00,18380960115,0.05,0,2025-02-14 09:47,0,0.0,2024-04-02 12:01:00,2025-02-14 10:48,1,0,0,0,0,0,0,0,0,1,0,0,0,0,0,0,1,0,1,0,0,0,0,1,0,0
0.0,0.0,13.0,2025-02-14 09:47:00,18380671412,0.05,0,2025-02-14 09:47,0,0.0,2024-04-02 11:53:00,2025-02-14 10:48,1,0,0,0,0,0,0,0,0,1,0,0,0,0,0,0,1,0,1,0,0,0,0,1,0,0
0.0,0.0,3.0,2024-04-18 13:30:00,18380519512,0.05,0,2024-04-18 13:30,0,0.0,2024-04-02 11:41:00,2024-12-09 11:54,1,0,0,0,0,0,0,0,0,1,0,0,0,0,0,0,1,0,1,0,0,0,0,1,0,0
0.0,0.0,5.0,2024-04-18 11:03:00,18380619941,0.05,0,2024-04-18 11:03,0,0.0,2024-04-02 11:28:00,2025-02-13 13:25,1,0,0,0,0,0,0,0,0,1,0,0,0,0,0,0,1,0,1,0,0,0,0,1,0,0
0.0,0.0,6.0,2025-02-03 09:31:00,18380307239,0.05,0,2025-02-03 09:31,0,0.0,2024-04-02 11:12:00,2025-02-18 14:06,1,0,0,0,0,0,0,0,0,1,0,0,0,0,0,0,1,0,0,0,0,0,0,1,0,0
20000.0,363.0,3.0,2025-03-31 15:11:00,18378867117,0.2,0,2025-02-18 15:30,0,100000.0,2024-04-02 10:12:00,2025-02-19 10:32,5,0,1,0,0,0,0,0,0,0,0,0,0,0,0,0,0,0,1,0,0,0,0,0,0,0
0.0,137.0,,2024-08-13 10:24:00,18291571379,0.0,0,2024-08-05 17:14,1,0.0,2024-03-28 12:55:00,2024-08-13 10:24,7,0,0,0,1,0,0,0,0,0,0,0,0,0,0,0,1,0,1,0,0,0,0,1,0,0
0.0,120.0,,2024-07-25 09:29:00,18246568357,0.0,0,2024-05-23 15:24,1,12600.0,2024-03-26 14:02:00,2024-09-11 16:36,7,0,0,0,0,0,0,0,1,0,0,0,0,0,0,0,1,0,0,1,0,0,0,1,0,0
0.0,114.0,,2024-07-19 09:39:00,18244772871,0.0,0,2024-04-02 16:30,1,9000.0,2024-03-26 11:14:00,2024-07-19 09:39,7,0,0,0,0,0,1,0,0,0,0,0,0,0,0,0,1,0,1,0,0,0,0,1,0,0
0.0,0.0,5.0,2024-12-17 13:00:00,18156129080,0.05,0,2024-12-17 13:00,0,0.0,2024-03-21 18:10:00,2025-01-22 19:14,1,0,0,0,0,0,0,0,0,1,0,0,0,0,0,0,1,0,1,0,0,0,0,1,0,0
0.0,0.0,8.0,2024-05-20 12:47:00,18150751609,0.05,0,2024-05-20 12:47,0,0.0,2024-03-21 13:28:00,2024-12-25 01:31,1,0,0,0,0,0,0,0,0,1,0,0,0,0,0,0,1,0,0,0,0,0,0,1,0,0
0.0,0.0,26.0,2025-02-14 09:47:00,18151205655,0.05,0,2025-02-14 09:47,0,0.0,2024-03-21 13:24:00,2025-02-14 10:48,1,0,0,0,0,0,0,0,0,1,0,0,0,0,0,0,1,0,1,0,0,0,0,1,0,0
60000.0,315.0,9.0,2025-01-31 12:12:00,18151205192,0.6,0,2025-02-18 14:16,0,100000.0,2024-03-21 13:21:00,2025-02-18 17:02,4,0,0,0,0,0,0,0,0,1,0,0,0,0,0,1,0,0,1,0,0,0,0,1,0,0
0.0,0.0,10.0,2024-10-30 11:22:00,18151204729,0.05,0,2024-10-30 11:22,0,0.0,2024-03-21 13:19:00,2025-02-05 07:51,1,0,0,0,0,0,0,0,0,1,0,0,0,0,0,0,1,0,1,0,0,0,0,1,0,0
0.0,0.0,8.0,2024-05-20 12:47:00,18151204418,0.05,0,2024-05-20 12:47,0,0.0,2024-03-21 13:17:00,2025-02-11 13:53,1,0,0,0,0,0,0,0,0,1,0,0,0,0,0,0,1,0,1,0,0,0,0,1,0,0
0.0,0.0,8.0,2024-05-20 12:47:00,18151282954,0.05,0,2024-05-20 12:47,0,0.0,2024-03-21 13:15:00,2024-12-25 22:21,1,0,0,0,0,0,0,0,0,1,0,0,0,0,0,0,1,0,1,0,0,0,0,1,0,0
0.0,0.0,7.0,2024-10-01 23:25:00,18151282572,0.05,0,2024-10-01 23:25,0,0.0,2024-03-21 13:13:00,2025-02-11 06:26,1,0,0,0,0,0,0,0,0,1,0,0,0,0,0,0,1,0,1,0,0,0,0,1,0,0
0.0,0.0,5.0,2024-10-01 23:26:00,18151281758,0.05,0,2024-10-01 23:26,0,0.0,2024-03-21 13:08:00,2025-01-02 14:41,1,0,0,0,0,0,0,0,0,1,0,0,0,0,0,0,1,0,1,0,0,0,0,1,0,0
0.0,0.0,10.0,2024-10-01 23:27:00,18151281470,0.05,0,2024-10-01 23:27,0,0.0,2024-03-21 13:06:00,2025-01-02 05:20,1,0,0,0,0,0,0,0,0,1,0,0,0,0,0,0,1,0,1,0,0,0,0,1,0,0
0.0,0.0,11.0,2024-03-21 13:05:00,18151202212,0.05,0,,0,0.0,2024-03-21 13:05:00,2024-12-09 11:54,1,0,0,0,0,0,0,0,0,1,0,0,0,0,0,0,1,0,1,0,0,0,0,1,0,0
0.0,0.0,7.0,2024-04-18 13:42:00,18151280777,0.05,0,2024-04-18 13:42,0,0.0,2024-03-21 13:03:00,2024-12-09 12:55,1,0,0,0,0,0,0,0,0,1,0,0,0,0,0,0,1,0,1,0,0,0,0,1,0,0
30000.0,194.0,,2024-10-02 12:23:00,18151201200,1.0,1,2025-01-01 09:00,0,30000.0,2024-03-21 12:59:00,2025-02-11 10:46,7,0,0,0,0,0,0,0,0,1,0,0,0,0,1,0,0,0,1,0,0,0,0,1,0,0
0.0,0.0,5.0,2024-05-06 10:55:00,18150342993,0.05,0,2024-05-06 10:55,0,0.0,2024-03-21 12:54:00,2025-01-29 03:54,1,0,0,0,0,0,0,0,0,1,0,0,0,0,0,0,1,0,1,0,0,0,0,1,0,0
0.0,0.0,15.0,2024-03-21 12:51:00,18151025724,0.05,0,,0,0.0,2024-03-21 12:51:00,2024-12-09 12:55,1,0,0,0,0,0,0,0,0,1,0,0,0,0,0,0,1,0,1,0,0,0,0,1,0,0
0.0,0.0,15.0,2025-01-15 16:39:00,18150341990,0.05,0,2025-01-15 16:39,0,0.0,2024-03-21 12:49:00,2025-02-18 10:28,1,0,0,0,0,0,0,0,0,1,0,0,0,0,0,0,1,0,1,0,0,0,0,1,0,0
0.0,210.0,,2024-10-18 11:35:00,18150169965,0.0,0,2024-07-02 11:30,1,58000.0,2024-03-21 12:06:00,2024-11-21 16:59,7,0,0,0,0,0,0,1,0,0,0,0,0,0,0,0,1,0,1,0,0,0,0,0,0,0
0.0,0.0,5.0,2024-07-26 11:29:00,18110061232,0.05,0,2024-07-26 11:29,0,0.0,2024-03-19 09:56:00,2025-02-13 13:25,1,0,0,0,0,0,0,0,0,1,0,0,0,0,0,0,0,1,1,0,0,0,0,1,0,0
1800.0,139.0,,2024-08-01 14:12:00,18051284292,0.2,0,2024-07-19 15:44,0,9000.0,2024-03-15 13:03:00,2025-02-14 16:53,2,0,0,0,0,0,0,0,1,0,0,0,0,0,0,0,1,0,0,1,0,0,0,1,0,0
0.0,0.0,5.0,2024-04-22 16:00:00,18034263644,0.05,0,2024-04-22 16:00,0,0.0,2024-03-14 13:38:00,2025-02-05 13:47,1,0,0,0,0,0,0,0,0,1,0,0,0,0,0,0,1,0,1,0,0,0,0,1,0,0
0.0,0.0,5.0,2024-04-22 16:00:00,18034263123,0.05,0,2024-04-22 16:00,0,0.0,2024-03-14 13:34:00,2025-01-24 15:12,1,0,0,0,0,0,0,0,0,1,0,0,0,0,0,0,1,0,1,0,0,0,0,1,0,0
0.0,0.0,4.0,2024-04-22 16:00:00,18034421090,0.05,0,2024-04-22 16:00,0,0.0,2024-03-14 13:32:00,2025-01-24 15:12,1,0,0,0,0,0,0,0,0,1,0,0,0,0,0,0,1,0,1,0,0,0,0,1,0,0
0.0,0.0,9.0,2024-03-14 13:27:00,18034261826,0.05,0,,0,0.0,2024-03-14 13:27:00,2025-01-24 15:12,1,0,0,0,0,0,0,0,0,1,0,0,0,0,0,0,1,0,1,0,0,0,0,1,0,0
0.0,0.0,4.0,2024-04-18 13:39:00,18034258760,0.05,0,2024-04-18 13:39,0,0.0,2024-03-14 13:09:00,2024-12-09 11:54,1,0,0,0,0,0,0,0,0,1,0,0,0,0,0,0,1,0,1,0,0,0,0,1,0,0
3000.0,281.0,5.0,2024-12-20 14:38:00,18033986897,0.1,0,2025-01-24 08:14,0,30000.0,2024-03-14 12:37:00,2025-02-20 13:45,3,0,0,0,0,0,0,0,0,1,0,0,0,0,0,0,0,1,1,0,0,0,0,1,0,0
1000.0,382.0,9.0,2025-03-31 11:36:00,19249538705,0.1,0,2025-02-14 09:57,0,10000.0,2024-03-14 11:08:00,2025-02-17 04:00,3,0,0,0,0,0,1,0,0,0,0,0,0,0,0,0,0,1,1,0,0,0,0,0,0,0
2400.0,382.0,5.0,2025-03-31 13:00:00,18033237356,0.1,0,2024-05-21 12:42,0,24000.0,2024-03-14 11:06:00,2025-02-05 12:01,3,0,0,0,0,0,0,0,0,1,0,0,0,0,0,0,0,1,1,0,0,0,0,1,0,0
5000.0,56.0,,2024-05-09 16:45:00,18033099342,1.0,1,2024-10-17 11:21,0,5000.0,2024-03-14 10:42:00,2024-12-23 10:25,7,0,0,0,0,0,0,0,0,0,0,0,1,0,1,0,0,0,1,0,0,0,0,0,1,0
0.0,298.0,,2025-01-06 21:52:00,18033106089,0.0,0,2024-12-17 15:35,1,24000.0,2024-03-14 10:41:00,2025-01-06 21:53,7,0,0,0,1,0,0,0,0,0,0,0,0,0,0,0,1,0,1,0,0,0,0,1,0,0
6000.0,0.0,,2024-03-11 17:47:00,17983738886,1.0,1,2024-03-12 13:00,0,6000.0,2024-03-11 17:47:00,2024-12-23 12:54,7,0,0,0,1,0,0,0,0,0,0,0,0,0,1,0,0,0,1,0,0,0,0,0,1,0
0.0,196.0,,2024-09-19 14:58:00,17905765747,0.0,0,2024-08-19 17:26,1,20000.0,2024-03-07 12:43:00,2024-11-05 09:31,7,0,0,0,0,0,0,1,0,0,0,0,0,0,0,0,1,0,1,0,0,0,0,1,0,0
0.0,160.0,,2024-08-15 11:19:00,17904955520,0.0,0,2024-08-13 11:23,1,3600.0,2024-03-07 10:50:00,2024-12-18 16:56,7,0,0,0,1,0,0,0,0,0,0,0,0,0,0,0,1,0,0,0,0,0,0,1,0,0
0.0,249.0,,2024-11-11 12:43:00,17891674183,0.0,0,2024-10-25 08:15,1,0.0,2024-03-06 18:00:00,2024-11-11 12:51,7,0,0,0,1,0,0,0,0,0,0,0,0,0,0,0,1,0,1,0,0,0,0,1,0,0
380000.0,102.0,,2024-06-17 09:42:00,17891673997,1.0,1,2024-07-18 13:24,0,380000.0,2024-03-06 17:58:00,2025-02-18 15:59,7,0,0,0,0,0,0,0,0,1,0,0,0,0,1,0,0,0,1,0,0,0,0,1,0,0
12000.0,322.0,,2025-01-22 14:17:00,17887715615,1.0,1,2024-12-18 13:27,0,12000.0,2024-03-06 11:46:00,2025-01-22 14:18,7,0,0,0,0,0,0,0,0,0,0,0,1,0,1,0,0,0,1,0,0,0,0,0,0,1
0.0,160.0,,2024-08-13 10:34:00,17877535399,0.0,0,2024-08-13 10:32,1,15000.0,2024-03-05 20:15:00,2024-12-16 14:07,7,0,0,0,0,0,0,0,0,0,0,1,0,0,0,0,1,0,1,0,0,0,0,1,0,0
0.0,51.0,,2024-04-26 15:23:00,17874320388,0.0,0,2024-04-22 10:33,1,12000.0,2024-03-05 14:57:00,2024-04-26 15:23,7,0,0,0,1,0,0,0,0,0,0,0,0,0,0,0,1,0,1,0,0,0,0,1,0,0
0.0,167.0,,2024-08-06 09:33:00,17634649483,0.0,0,2024-10-22 09:29,1,0.0,2024-02-20 10:20:00,2024-10-29 15:41,7,0,0,0,1,0,0,0,0,0,0,0,0,0,0,0,1,0,1,0,0,0,0,0,0,1
8640.0,78.0,,2024-05-08 09:18:00,17618748967,1.0,1,2024-05-08 09:26,0,8640.0,2024-02-19 10:11:00,2024-09-19 18:59,7,1,0,0,0,0,0,0,0,0,0,0,0,0,1,0,0,0,0,0,0,0,0,1,0,0
0.0,155.0,,2024-07-19 09:35:00,17528652412,0.0,0,2024-07-17 13:00,1,12600.0,2024-02-14 16:36:00,2024-07-19 09:35,7,0,0,0,1,0,0,0,0,0,0,0,0,0,0,0,1,0,1,0,0,0,0,1,0,0
0.0,14.0,,2024-02-29 13:01:00,17528360813,0.0,0,2024-02-29 10:30,1,10800.0,2024-02-14 16:05:00,2024-05-01 07:16,7,0,0,0,0,0,0,1,0,0,0,0,0,0,0,0,1,0,0,0,0,0,0,1,0,0
5400.0,405.0,3.0,2025-03-26 12:32:00,17528464942,0.2,0,2025-01-24 08:14,0,27000.0,2024-02-14 15:55:00,2025-01-24 08:20,5,0,0,0,0,0,0,0,0,1,0,0,0,0,0,0,0,0,1,0,0,0,0,1,0,0
0.0,32.0,,2024-03-18 11:21:00,17518537382,0.0,0,2024-03-05 16:43,1,3600.0,2024-02-14 11:09:00,2024-12-18 13:25,7,0,0,0,0,0,1,0,0,0,0,0,0,0,0,0,1,0,1,0,0,0,0,1,0,0
0.0,361.0,,2025-02-05 11:59:00,17449503780,0.0,0,2024-10-08 11:27,1,66000.0,2024-02-09 13:15:00,2025-02-05 11:59,7,0,0,0,0,0,0,0,0,1,0,0,0,0,0,0,1,0,1,0,0,0,0,1,0,0
0.0,370.0,,2025-02-13 13:17:00,17445956470,0.0,0,2025-01-26 18:30,1,66000.0,2024-02-09 08:52:00,2025-02-13 13:17,7,0,0,0,0,0,0,0,0,0,0,0,1,0,0,0,1,0,1,0,0,0,0,1,0,0
9000.0,441.0,6.0,2025-04-18 14:36:00,17304537772,0.6,0,2025-01-03 15:41,0,15000.0,2024-02-01 16:46:00,2025-01-15 17:16,4,0,0,0,0,0,0,0,0,0,0,0,1,0,0,1,0,0,1,0,0,0,0,1,0,0
0.0,189.0,,2024-08-01 14:19:00,17158807082,0.0,0,2024-07-20 22:50,1,2700.0,2024-01-25 12:56:00,2024-08-01 14:19,7,0,0,0,0,0,0,0,0,1,0,0,0,0,0,0,1,0,1,0,0,0,0,1,0,0
0.0,230.0,,2024-09-05 14:12:00,17028928942,0.0,0,2024-03-26 15:30,1,7200.0,2024-01-18 14:49:00,2025-02-12 15:07,7,0,0,0,0,0,0,0,0,0,0,0,1,0,0,0,1,0,1,0,0,0,0,1,0,0
0.0,63.0,,2024-03-22 12:59:00,17028782009,0.0,0,2024-05-23 14:31,1,30000.0,2024-01-18 14:37:00,2025-02-13 13:25,7,0,0,0,0,0,1,0,0,0,0,0,0,0,0,0,1,0,1,0,0,0,0,1,0,0
0.0,83.0,,2024-04-11 09:15:00,17020638329,0.0,0,2024-03-19 09:44,1,1080.0,2024-01-18 08:21:00,2024-04-11 09:15,7,0,0,0,0,0,0,0,1,0,0,0,0,0,0,0,1,0,0,0,0,0,0,1,0,0
0.0,65.0,,2024-03-21 11:06:00,16970826403,0.0,0,2024-02-29 13:10,1,36000.0,2024-01-16 09:03:00,2024-05-02 12:49,7,0,0,0,0,0,0,1,0,0,0,0,0,0,0,0,1,0,1,0,0,0,0,1,0,0
108000.0,234.0,,2024-09-03 09:38:00,16913145882,1.0,1,2024-08-18 16:37,0,108000.0,2024-01-12 16:14:00,2025-02-19 10:45,7,0,0,0,0,0,1,0,0,0,0,0,0,0,1,0,0,0,1,0,0,0,0,0,0,0
0.0,248.0,,2024-09-17 13:48:00,16913230613,0.0,0,2024-08-18 16:37,1,0.0,2024-01-12 16:11:00,2024-09-17 13:49,7,0,0,0,0,0,1,0,0,0,0,0,0,0,0,0,1,0,1,0,0,0,0,0,0,1
0.0,249.0,,2024-09-18 14:46:00,16913145261,0.0,0,2024-08-18 16:37,1,0.0,2024-01-12 16:09:00,2024-09-19 19:00,7,0,0,0,0,0,1,0,0,0,0,0,0,0,0,0,1,0,1,0,0,0,0,0,0,1
30000.0,222.0,,2024-08-22 16:29:00,16913144981,1.0,1,2024-08-18 16:37,0,30000.0,2024-01-12 16:06:00,2025-01-14 17:11,7,0,0,0,0,0,1,0,0,0,0,0,0,0,1,0,0,0,1,0,0,0,0,0,0,1
0.0,248.0,,2024-09-17 13:48:00,16913229846,0.0,0,2024-08-18 16:37,1,0.0,2024-01-12 16:03:00,2024-09-17 13:49,7,0,0,0,0,0,1,0,0,0,0,0,0,0,0,0,1,0,1,0,0,0,0,0,0,1
0.0,377.0,,2025-01-24 09:03:00,16913143986,0.0,0,2024-11-27 10:02,1,0.0,2024-01-12 15:58:00,2025-01-24 09:03,7,0,0,0,0,0,1,0,0,0,0,0,0,0,0,0,1,0,1,0,0,0,0,0,0,1
18000.0,353.0,,2024-12-31 11:51:00,16913186570,1.0,1,2024-10-03 10:25,0,18000.0,2024-01-12 15:56:00,2025-02-13 14:21,7,0,0,0,0,0,1,0,0,0,0,0,0,0,1,0,0,0,1,0,0,0,0,0,0,1
0.0,360.0,,2025-01-06 19:32:00,16913142871,0.0,0,2024-12-30 13:38,1,0.0,2024-01-12 15:49:00,2025-01-06 19:32,7,0,0,0,0,0,1,0,0,0,0,0,0,0,0,0,1,0,1,0,0,0,0,0,0,1
0.0,201.0,37.0,2024-08-01 15:45:00,16913185376,0.8,0,2025-02-20 10:04,0,0.0,2024-01-12 15:46:00,2025-02-20 11:05,8,0,0,0,0,0,1,0,0,0,0,0,0,0,0,0,0,1,1,0,0,0,0,0,0,1
0.0,626.0,,2025-09-30 09:23:00,16913141908,0.0,0,2024-08-03 12:04,1,37500.0,2024-01-12 15:42:00,2025-02-11 06:32,7,0,0,0,0,0,1,0,0,0,0,0,0,0,0,0,1,0,1,0,0,0,0,0,0,1
45000.0,338.0,,2024-12-16 07:37:00,16913001315,1.0,1,2024-10-04 08:53,0,45000.0,2024-01-12 15:34:00,2025-01-29 14:43,7,0,0,0,0,0,1,0,0,0,0,0,0,0,1,0,0,0,1,0,0,0,0,0,0,1
5400.0,312.0,,2024-11-20 07:30:00,16912814241,1.0,1,2024-12-02 12:15,0,5400.0,2024-01-12 15:31:00,2024-12-02 12:15,7,0,0,0,0,0,1,0,0,0,0,0,0,0,1,0,0,0,0,1,0,0,0,0,0,1
6000.0,299.0,,2024-11-07 09:51:00,16913000464,1.0,1,2024-10-30 15:00,0,6000.0,2024-01-12 15:27:00,2024-11-27 08:50,7,0,0,0,0,0,1,0,0,0,0,0,0,0,1,0,0,0,0,0,0,0,0,0,0,1
0.0,153.0,,2024-06-13 14:15:00,16909950888,0.0,0,2024-01-29 15:50,1,30000.0,2024-01-12 11:15:00,2024-09-03 10:44,7,0,0,0,0,0,0,0,0,0,0,0,1,0,0,0,1,0,1,0,0,0,0,1,0,0
0.0,254.0,,2024-09-23 07:48:00,16909950725,0.0,0,2024-01-15 14:15,1,15000.0,2024-01-12 11:14:00,2024-09-23 07:48,7,1,0,0,0,0,0,0,0,0,0,0,0,0,0,0,1,0,1,0,0,0,0,1,0,0
15000.0,214.0,,2024-08-13 12:15:00,16897802586,1.0,1,2024-02-29 11:20,0,15000.0,2024-01-11 16:41:00,2024-11-15 12:24,7,0,0,0,0,0,1,0,0,0,0,0,0,0,1,0,0,0,1,0,0,0,0,0,0,1
0.0,223.0,,2024-08-22 16:31:00,16897887630,0.0,0,2024-02-06 16:56,1,0.0,2024-01-11 16:39:00,2024-09-19 19:02,7,0,0,0,0,0,1,0,0,0,0,0,0,0,0,0,1,0,0,0,0,0,0,0,0,1
17712.0,214.0,,2024-08-13 12:10:00,16897801878,1.0,1,2024-08-06 11:56,0,17712.0,2024-01-11 16:36:00,2025-01-30 14:04,7,0,0,0,0,0,1,0,0,0,0,0,0,0,1,0,0,0,0,1,0,0,0,0,0,1
30000.0,230.0,,2024-08-29 09:38:00,16897886791,1.0,1,2025-01-09 11:04,0,30000.0,2024-01-11 16:32:00,2025-01-09 11:05,7,0,0,0,0,0,1,0,0,0,0,0,0,0,1,0,0,0,1,0,0,0,0,0,0,1
0.0,200.0,,2024-07-30 11:11:00,16897886068,0.0,0,2024-03-01 19:11,1,0.0,2024-01-11 16:27:00,2024-12-18 16:47,7,0,0,0,0,0,1,0,0,0,0,0,0,0,0,0,1,0,1,0,0,0,0,0,0,1
0.0,223.0,,2024-08-22 16:32:00,16897800343,0.0,0,,1,15600.0,2024-01-11 16:24:00,2024-09-19 08:39,7,0,0,0,0,0,1,0,0,0,0,0,0,0,0,0,1,0,1,0,0,0,0,0,0,1
2250.0,107.0,,2024-04-26 15:37:00,16883544924,1.0,1,2024-10-17 11:21,0,2250.0,2024-01-10 13:55:00,2024-12-23 10:25,7,0,1,0,0,0,0,0,0,0,0,0,0,0,1,0,0,0,1,0,0,0,0,0,0,0
0.0,168.0,,2024-06-21 13:07:00,16818375024,0.0,0,2024-05-01 07:00,1,24000.0,2024-01-05 07:22:00,2024-06-21 13:07,7,0,0,0,0,0,0,0,0,0,0,0,1,0,0,0,1,0,1,0,0,0,0,1,0,0
10800.0,456.0,19.0,2025-04-04 17:07:00,16809646512,0.6,0,2025-02-14 09:45,0,18000.0,2024-01-04 14:39:00,2025-02-14 10:25,4,0,0,0,0,0,0,0,0,0,0,0,1,0,0,1,0,0,1,0,0,0,0,1,0,0
0.0,405.0,,2025-02-05 11:58:00,16701688672,0.0,0,2024-10-28 14:42,1,132000.0,2023-12-27 12:31:00,2025-02-05 11:59,7,0,0,0,0,0,0,0,0,0,0,0,1,0,0,0,1,0,1,0,0,0,0,1,0,0
7500.0,64.0,,2024-03-01 11:32:00,16701702428,1.0,1,2024-05-20 13:04,0,7500.0,2023-12-27 12:29:00,2025-01-03 15:29,7,0,0,0,0,0,0,0,0,1,0,0,0,0,1,0,0,0,1,0,0,0,0,1,0,0
0.0,218.0,,2024-07-25 09:30:00,16589140661,0.0,0,2024-05-23 15:27,1,50000.0,2023-12-19 09:43:00,2025-02-13 13:20,7,0,0,0,0,0,0,0,0,0,0,0,1,0,0,0,1,0,1,0,0,0,0,1,0,0
0.0,161.0,,2024-05-23 14:24:00,16495966644,0.0,0,2024-05-10 11:57,1,66000.0,2023-12-13 16:36:00,2024-12-23 09:57,7,1,0,0,0,0,0,0,0,0,0,0,0,0,0,0,1,0,1,0,0,0,0,0,0,0
0.0,391.0,,2025-01-06 21:50:00,16476598933,0.0,0,2025-01-02 15:56,1,0.0,2023-12-12 13:45:00,2025-01-06 21:50,7,0,0,0,0,0,0,0,0,0,0,0,1,0,0,0,1,0,1,0,0,0,0,1,0,0
0.0,171.0,,2024-05-21 00:48:00,16327804563,0.0,0,2024-04-03 12:25,1,50000.0,2023-12-01 13:21:00,2024-10-30 10:51,7,0,0,0,1,0,0,0,0,0,0,0,0,0,0,0,1,0,1,0,0,0,0,1,0,0
0.0,117.0,,2024-03-28 14:16:00,16327776692,0.0,0,2024-01-08 13:33,1,0.0,2023-12-01 13:18:00,2024-12-18 13:25,7,0,0,0,0,0,0,0,0,1,0,0,0,0,0,0,1,0,1,0,0,0,0,1,0,0
0.0,174.0,,2024-05-22 16:18:00,16302163578,0.0,0,2024-01-18 12:22,1,30000.0,2023-11-30 09:10:00,2024-09-12 18:30,7,1,0,0,0,0,0,0,0,0,0,0,0,0,0,0,1,0,1,0,0,0,0,1,0,0
0.0,112.0,,2024-03-20 14:28:00,16276236692,0.0,0,2024-01-11 11:37,1,30000.0,2023-11-28 15:09:00,2024-07-22 17:13,7,0,0,0,0,0,0,0,0,0,0,0,1,0,0,0,1,0,1,0,0,0,0,1,0,0
30000.0,64.0,,2024-02-01 07:53:00,16271223103,1.0,1,2024-01-30 10:26,0,30000.0,2023-11-28 11:01:00,2024-10-10 10:58,7,1,0,0,0,0,0,0,0,0,0,0,0,0,1,0,0,0,0,0,0,0,0,1,0,0
0.0,80.0,,2024-02-15 13:42:00,16235870476,0.0,0,2024-02-14 12:00,1,66000.0,2023-11-26 14:01:00,2024-06-14 18:15,7,0,0,0,1,0,0,0,0,0,0,0,0,0,0,0,1,0,0,0,0,0,0,1,0,0
0.0,122.0,,2024-03-28 13:54:00,16236300725,0.0,0,2024-03-14 11:00,1,45000.0,2023-11-26 13:57:00,2025-01-15 12:41,7,0,0,0,0,0,0,0,0,1,0,0,0,0,0,0,1,0,1,0,0,0,0,1,0,0
120000.0,459.0,40.0,2025-02-28 09:39:00,16235870300,0.6,0,2025-02-20 15:06,0,200000.0,2023-11-26 13:51:00,2025-02-20 15:06,4,0,0,0,0,0,0,0,0,0,0,0,1,0,0,1,0,0,1,0,0,0,0,1,0,0
0.0,105.0,,2024-03-07 14:28:00,16183052809,0.0,0,2023-12-15 17:30,1,36000.0,2023-11-22 15:55:00,2025-01-15 12:41,7,0,0,0,0,0,0,0,0,1,0,0,0,0,0,0,1,0,1,0,0,0,0,1,0,0
0.0,169.0,,2024-05-09 11:00:00,16166893955,0.0,0,2024-05-07 12:58,1,120000.0,2023-11-21 16:36:00,2025-01-31 08:46,7,0,0,0,0,0,0,0,0,1,0,0,0,0,0,0,1,0,1,0,0,0,0,1,0,0
0.0,333.0,,2024-10-07 10:03:00,15980707221,1.0,1,2024-12-04 16:16,0,0.0,2023-11-08 20:53:00,2025-01-03 12:30,7,0,0,0,1,0,0,0,0,0,0,0,0,0,1,0,0,0,1,0,0,0,0,1,0,0
0.0,170.0,,2024-04-26 10:50:00,15961145256,0.0,0,2024-04-26 10:30,1,66000.0,2023-11-07 19:51:00,2024-12-18 16:55,7,0,0,0,0,0,0,0,1,0,0,0,0,0,0,0,1,0,1,0,0,0,0,1,0,0
5500.0,46.0,,2023-12-22 11:41:00,15939940435,1.0,1,2024-04-10 15:15,0,5500.0,2023-11-06 10:51:00,2024-10-01 12:14,7,0,0,0,1,0,0,0,0,0,0,0,0,0,1,0,0,0,1,0,0,0,0,1,0,0
0.0,70.0,,2024-01-11 14:10:00,15893733472,0.0,0,2023-12-26 11:28,1,60000.0,2023-11-02 10:06:00,2024-04-19 08:48,7,0,1,0,0,0,0,0,0,0,0,0,0,0,0,0,1,0,1,0,0,0,0,1,0,0
0.0,201.0,,2024-05-21 00:48:00,15884117814,0.0,0,2024-09-03 08:50,1,24000.0,2023-11-01 17:40:00,2024-09-03 08:50,7,0,0,0,1,0,0,0,0,0,0,0,0,0,0,0,1,0,1,0,0,0,0,1,0,0
0.0,208.0,,2024-05-23 14:00:00,15815448684,0.0,0,2024-01-09 12:23,1,20000.0,2023-10-27 15:27:00,2024-09-09 05:33,7,0,0,0,1,0,0,0,0,0,0,0,0,0,0,0,1,0,1,0,0,0,0,1,0,0
0.0,54.0,,2023-12-21 11:41:00,15813731177,1.0,1,2024-08-03 12:04,0,0.0,2023-10-27 12:47:00,2025-02-11 06:32,7,0,0,0,0,0,1,0,0,0,0,0,0,0,1,0,0,0,1,0,0,0,0,0,0,0
0.0,118.0,,2024-02-22 13:30:00,15801579543,0.0,0,2024-02-14 16:22,1,1200.0,2023-10-26 18:40:00,2024-12-11 10:32,7,0,0,0,0,0,1,0,0,0,0,0,0,0,0,0,1,0,0,0,0,0,0,1,0,0
1200.0,112.0,,2024-02-15 13:41:00,15799352169,1.0,1,2024-02-14 12:00,0,1200.0,2023-10-26 14:09:00,2024-12-23 12:54,7,0,0,0,1,0,0,0,0,0,0,0,0,0,1,0,0,0,0,0,0,0,0,0,1,0
72000.0,1.0,,2023-10-27 17:25:00,15797615118,1.0,1,2024-08-16 15:49,0,72000.0,2023-10-26 11:50:00,2025-02-19 10:45,7,0,0,0,0,0,0,0,0,1,0,0,0,0,1,0,0,0,1,0,0,0,0,0,0,0
0.0,147.0,,2024-03-19 09:47:00,15754827596,0.0,0,2023-10-25 13:15,1,25000.0,2023-10-23 10:22:00,2024-06-20 18:54,7,0,0,0,1,0,0,0,0,0,0,0,0,0,0,0,1,0,1,0,0,0,0,1,0,0
7200.0,23.0,,2023-11-15 14:53:00,15754783784,1.0,1,2024-04-02 12:03,0,7200.0,2023-10-23 10:21:00,2024-11-06 16:40,7,0,0,0,1,0,0,0,0,0,0,0,0,0,1,0,0,0,1,0,0,0,0,1,0,0
2400.0,34.0,,2023-11-22 10:13:00,15691158188,1.0,1,2024-12-02 12:15,0,2400.0,2023-10-18 15:36:00,2024-12-02 12:15,7,0,0,0,0,0,1,0,0,0,0,0,0,0,1,0,0,0,0,1,0,0,0,0,0,0
30000.0,77.0,,2024-01-04 13:06:00,15690903128,1.0,1,2024-09-27 09:18,0,30000.0,2023-10-18 15:01:00,2025-01-14 17:11,7,0,0,0,0,0,1,0,0,0,0,0,0,0,1,0,0,0,1,0,0,0,0,0,0,0
10200.0,32.0,,2023-11-20 11:18:00,15690865440,1.0,1,2023-11-16 11:13,0,10200.0,2023-10-18 14:37:00,2024-11-21 14:57,7,0,0,0,0,0,1,0,0,0,0,0,0,0,1,0,0,0,0,0,0,0,0,0,0,0
0.0,90.0,,2024-01-02 16:55:00,15449480087,0.0,0,2024-12-18 10:20,1,31000.0,2023-10-04 14:41:00,2025-02-11 06:31,7,0,0,0,0,0,1,0,0,0,0,0,0,0,0,0,1,0,1,0,0,0,0,0,0,0
0.0,456.0,,2025-01-03 09:54:00,15449642647,0.0,0,2024-12-16 12:25,1,0.0,2023-10-04 14:36:00,2025-02-11 06:31,7,0,0,0,0,0,1,0,0,0,0,0,0,0,0,0,1,0,1,0,0,0,0,0,0,1
5000.0,13.0,,2023-10-18 14:26:00,15449478985,1.0,1,2024-12-18 10:20,0,5000.0,2023-10-04 14:32:00,2025-02-11 06:31,7,0,0,0,0,0,1,0,0,0,0,0,0,0,1,0,0,0,1,0,0,0,0,0,0,0
7500.0,35.0,,2023-11-09 13:27:00,15449641791,1.0,1,2024-12-18 10:20,0,7500.0,2023-10-04 14:30:00,2025-02-11 06:31,7,0,0,0,0,0,1,0,0,0,0,0,0,0,1,0,0,0,1,0,0,0,0,0,0,0
0.0,357.0,,2024-09-19 14:15:00,15361319218,0.0,0,2024-02-07 08:29,1,50000.0,2023-09-28 11:32:00,2024-11-05 09:31,7,0,0,0,1,0,0,0,0,0,0,0,0,0,0,0,1,0,0,1,0,0,0,1,0,0
0.0,158.0,,2024-03-03 20:20:00,15340342049,0.0,0,2024-02-20 09:36,1,30000.0,2023-09-27 10:02:00,2025-02-12 15:10,7,0,0,0,0,0,0,0,0,0,1,0,0,0,0,0,1,0,0,0,1,0,0,1,0,0
0.0,103.0,,2024-01-02 14:17:00,15271115588,0.0,0,2023-09-27 10:40,1,30000.0,2023-09-21 10:37:00,2024-09-18 18:48,7,0,0,0,0,0,1,0,0,0,0,0,0,0,0,0,1,0,1,0,0,0,0,0,0,0
0.0,0.0,,2023-09-21 11:47:00,15270815807,0.0,0,,1,30000.0,2023-09-21 10:18:00,2024-09-18 18:48,7,0,0,0,0,0,1,0,0,0,0,0,0,0,0,0,1,0,1,0,0,0,0,0,0,0
0.0,191.0,,2024-03-27 21:23:00,15220484379,0.0,0,2023-10-27 09:00,1,50000.0,2023-09-18 10:00:00,2024-09-02 16:38,7,0,0,0,0,0,0,0,0,0,0,0,1,0,0,0,1,0,1,0,0,0,0,1,0,0
0.0,191.0,,2024-03-27 21:24:00,15220484102,0.0,0,2023-10-27 09:00,1,50000.0,2023-09-18 09:58:00,2025-01-15 12:46,7,0,0,0,0,0,0,0,0,0,0,0,1,0,0,0,1,0,1,0,0,0,0,1,0,0
0.0,44.0,,2023-11-01 10:19:00,15220482129,0.0,0,2023-09-15 13:30,1,50000.0,2023-09-18 09:49:00,2024-09-02 16:38,7,0,0,0,0,0,0,0,0,0,0,0,1,0,0,0,1,0,1,0,0,0,0,1,0,0
31500.0,309.0,,2024-07-17 12:26:00,15124574762,1.0,1,2024-11-26 09:21,0,31500.0,2023-09-12 10:58:00,2025-02-19 10:07,7,0,0,0,0,0,0,0,0,0,0,0,1,0,1,0,0,0,1,0,0,0,0,1,0,0
0.0,146.0,,2024-01-30 07:49:00,14997595409,0.0,0,,1,70000.0,2023-09-05 11:52:00,2024-09-02 16:39,7,0,0,0,0,0,0,0,0,0,0,0,1,0,0,0,1,0,0,1,0,0,0,1,0,0
14400.0,167.0,,2024-02-19 13:34:00,14997026612,1.0,1,2024-05-22 13:47,0,14400.0,2023-09-05 11:51:00,2024-09-11 16:36,7,0,0,0,0,0,0,0,0,0,0,0,1,0,1,0,0,0,0,0,0,0,0,1,0,0
25000.0,596.0,11.0,2025-04-11 11:27:00,14796495288,0.5,0,2024-12-10 10:30,0,50000.0,2023-08-23 16:03:00,2025-02-12 11:28,6,0,0,0,0,0,0,1,0,0,0,0,0,0,0,0,0,0,1,0,0,0,0,1,0,0
0.0,77.0,,2023-11-09 08:26:00,14796277431,0.0,0,2023-08-30 20:00,1,50000.0,2023-08-23 16:01:00,2024-11-05 09:31,7,0,0,0,1,0,0,0,0,0,0,0,0,0,0,0,1,0,1,0,0,0,0,1,0,0
0.0,208.0,,2024-03-18 11:19:00,14785508700,0.0,0,2023-12-26 14:54,1,20000.0,2023-08-22 14:55:00,2025-01-14 16:35,7,0,0,0,0,0,0,0,0,1,0,0,0,0,0,0,1,0,1,0,0,0,0,1,0,0
0.0,134.0,,2024-01-03 18:03:00,14785508475,0.0,0,2023-08-22 14:52,1,55500.0,2023-08-22 14:53:00,2025-02-05 13:45,7,0,0,0,0,0,0,1,0,0,0,0,0,0,0,0,1,0,1,0,0,0,0,1,0,0
0.0,19.0,,2023-09-07 12:52:00,14726829882,0.0,0,2023-08-22 14:00,1,12000.0,2023-08-18 16:55:00,2024-08-02 11:36,7,0,0,0,1,0,0,0,0,0,0,0,0,0,0,0,1,0,1,0,0,0,0,1,0,0
0.0,89.0,,2023-11-09 08:27:00,14575314266,0.0,0,2023-08-22 16:30,1,30000.0,2023-08-11 10:23:00,2024-09-02 16:39,7,0,0,0,0,0,0,1,0,0,0,0,0,0,0,0,1,0,0,1,0,0,0,1,0,0
24000.0,383.0,,2024-08-28 09:24:00,14556037646,1.0,1,2024-08-08 10:06,0,24000.0,2023-08-10 10:10:00,2024-12-23 10:25,7,0,0,0,0,0,0,0,0,0,0,0,1,0,1,0,0,0,1,0,0,0,0,0,0,1
12000.0,165.0,,2024-01-22 12:29:00,14545852989,1.0,1,2024-01-17 15:17,0,12000.0,2023-08-09 14:28:00,2024-12-16 14:06,7,0,0,0,1,0,0,0,0,0,0,0,0,0,1,0,0,0,1,0,0,0,0,1,0,0
15000.0,344.0,,2024-07-19 09:05:00,14542844254,1.0,1,2025-02-06 11:22,0,15000.0,2023-08-09 09:15:00,2025-02-06 11:22,7,0,0,0,1,0,0,0,0,0,0,0,0,0,1,0,0,0,1,0,0,0,0,0,1,0
0.0,91.0,,2023-11-08 10:52:00,14531674916,0.0,0,2023-09-12 09:00,1,100000.0,2023-08-08 14:48:00,2024-09-09 12:15,7,0,0,0,0,0,0,0,0,1,0,0,0,0,0,0,1,0,1,0,0,0,0,1,0,0
12000.0,549.0,,2025-01-31 14:20:00,14418104484,1.0,1,2025-01-28 16:30,0,12000.0,2023-08-01 08:29:00,2025-01-31 14:20,7,0,0,0,0,0,0,0,0,1,0,0,0,0,1,0,0,0,1,0,0,0,0,0,0,0
0.0,34.0,,2023-08-31 11:55:00,14377129033,0.0,0,2023-08-11 10:00,1,50000.0,2023-07-28 10:43:00,2025-02-05 13:48,7,0,0,0,0,0,0,0,0,0,0,0,1,0,0,0,1,0,1,0,0,0,0,0,0,0
0.0,105.0,,2023-11-09 09:55:00,14341861532,0.0,0,2023-10-26 10:27,1,100000.0,2023-07-26 11:11:00,2025-02-11 13:53,7,0,0,0,0,0,0,1,0,0,0,0,0,0,0,0,1,0,1,0,0,0,0,1,0,0
0.0,168.0,,2024-01-04 10:18:00,14234455660,0.0,0,2023-11-22 09:23,1,40000.0,2023-07-19 14:44:00,2025-01-31 08:47,7,0,0,0,1,0,0,0,0,0,0,0,0,0,0,0,1,0,1,0,0,0,0,1,0,0
0.0,112.0,,2023-11-09 08:27:00,14229843222,0.0,0,2023-09-18 09:23,1,60000.0,2023-07-19 11:05:00,2024-12-18 14:33,7,0,0,0,1,0,0,0,0,0,0,0,0,0,0,0,1,0,1,0,0,0,0,1,0,0
66000.0,419.0,,2024-09-09 18:05:00,14217892146,1.0,1,2024-03-15 14:02,0,66000.0,2023-07-18 17:03:00,2024-12-16 14:00,7,0,0,0,0,0,0,0,0,0,0,0,1,0,1,0,0,0,0,1,0,0,0,0,0,1
61250.0,143.0,,2023-12-08 14:19:00,14211779904,1.0,1,2023-12-12 18:08,0,61250.0,2023-07-18 12:09:00,2025-01-19 19:01,7,0,0,0,0,0,0,0,0,0,0,0,1,0,1,0,0,0,1,0,0,0,0,0,0,0
0.0,113.0,,2023-11-09 09:57:00,14210952201,0.0,0,2023-09-05 16:51,1,100000.0,2023-07-18 12:08:00,2024-09-12 18:30,7,0,0,0,0,0,0,0,0,1,0,0,0,0,0,0,1,0,1,0,0,0,0,0,0,0
0.0,113.0,,2023-11-09 09:57:00,14211779472,0.0,0,2023-09-05 16:51,1,40000.0,2023-07-18 12:07:00,2024-09-12 18:30,7,0,0,0,0,0,0,0,0,1,0,0,0,0,0,0,1,0,1,0,0,0,0,0,0,0
20000.0,647.0,3.0,2025-04-25 12:59:00,14211778624,0.2,0,2024-04-24 15:01,0,100000.0,2023-07-18 12:01:00,2025-02-05 13:57,5,0,0,0,0,0,0,1,0,0,0,0,0,0,0,0,0,0,0,0,0,0,0,1,0,0
0.0,113.0,,2023-11-09 09:47:00,14211778391,0.0,0,2023-08-18 16:06,1,100000.0,2023-07-18 12:00:00,2024-11-05 09:33,7,0,0,0,0,0,0,0,0,1,0,0,0,0,0,0,1,0,1,0,0,0,0,1,0,0
21560.0,398.0,,2024-08-08 15:31:00,14008462659,1.0,1,2024-11-12 16:56,0,21560.0,2023-07-07 12:19:00,2025-02-11 06:26,7,0,0,0,0,0,0,0,0,1,0,0,0,0,1,0,0,0,1,0,0,0,0,1,0,0
0.0,116.0,,2023-11-01 10:19:00,14008449290,0.0,0,2023-07-28 16:43,1,15000.0,2023-07-07 11:57:00,2024-12-18 14:33,7,0,0,0,0,0,0,1,0,0,0,0,0,0,0,0,1,0,1,0,0,0,0,1,0,0
0.0,67.0,,2023-09-11 13:54:00,13982095242,0.0,0,,1,6000.0,2023-07-05 14:26:00,2024-09-02 16:39,7,0,0,0,0,0,0,1,0,0,0,0,0,0,0,0,1,0,1,0,0,0,0,1,0,0
12000.0,187.0,,2024-01-09 09:41:00,13981934856,1.0,1,2024-01-04 06:21,0,12000.0,2023-07-05 13:53:00,2025-02-13 14:21,7,0,1,0,0,0,0,0,0,0,0,0,0,0,1,0,0,0,1,0,0,0,0,0,0,0
4500.0,34.0,,2023-08-09 09:19:00,13981816904,1.0,1,2023-08-16 16:00,0,4500.0,2023-07-05 13:31:00,2024-12-27 11:09,7,0,1,0,0,0,0,0,0,0,0,0,0,0,1,0,0,0,1,0,0,0,0,0,0,0
0.0,77.0,,2023-09-21 10:20:00,13981816212,0.0,0,2024-08-27 12:43,1,15000.0,2023-07-05 13:26:00,2025-01-19 19:01,7,0,1,0,0,0,0,0,0,0,0,0,0,0,0,0,1,0,0,0,0,0,0,0,0,0
0.0,113.0,,2023-10-26 13:00:00,13981724210,0.0,0,2023-08-02 13:31,1,150000.0,2023-07-05 12:52:00,2025-01-29 15:56,7,0,0,0,1,0,0,0,0,0,0,0,0,0,0,0,1,0,1,0,0,0,0,1,0,0
0.0,212.0,,2024-01-29 07:46:00,13926987286,0.0,0,2023-08-10 14:30,1,50000.0,2023-06-30 12:56:00,2024-10-31 12:09,7,0,0,0,1,0,0,0,0,0,0,0,0,0,0,0,1,0,1,0,0,0,0,1,0,0
0.0,132.0,,2023-11-09 08:26:00,13913192061,0.0,0,2023-09-05 10:46,1,30000.0,2023-06-29 14:57:00,2024-01-25 12:46,7,0,0,0,0,0,0,1,0,0,0,0,0,0,0,0,1,0,1,0,0,0,0,1,0,0
15000.0,129.0,,2023-11-06 08:16:00,13913191733,1.0,1,2024-04-18 12:27,0,15000.0,2023-06-29 14:55:00,2025-02-07 14:12,7,0,0,0,0,0,0,0,0,1,0,0,0,0,1,0,0,0,1,0,0,0,0,1,0,0
0.0,385.0,,2024-07-19 09:35:00,13913191582,0.0,0,2024-05-27 18:19,1,75000.0,2023-06-29 14:53:00,2025-02-13 14:06,7,0,0,0,1,0,0,0,0,0,0,0,0,0,0,0,1,0,1,0,0,0,0,1,0,0
0.0,75.0,,2023-09-11 13:54:00,13886657569,0.0,0,2023-09-05 08:16,1,66000.0,2023-06-27 14:05:00,2024-01-12 17:56,7,0,0,0,1,0,0,0,0,0,0,0,0,0,0,0,1,0,1,0,0,0,0,1,0,0
0.0,457.0,,2024-09-23 07:48:00,13835319382,0.0,0,2023-11-22 09:33,1,100000.0,2023-06-23 15:27:00,2024-09-23 07:48,7,1,0,0,0,0,0,0,0,0,0,0,0,0,0,0,1,0,1,0,0,0,0,1,0,0
0.0,69.0,,2023-08-23 16:08:00,13714981258,0.0,0,,1,21000.0,2023-06-14 20:55:00,2024-10-03 10:43,7,0,0,0,0,0,0,1,0,0,0,0,0,0,0,0,1,0,1,0,0,0,0,1,0,0
100000.0,115.0,,2023-09-28 20:33:00,13588945588,1.0,1,2024-08-30 07:17,0,100000.0,2023-06-05 12:30:00,2025-02-20 16:41,7,0,0,0,0,0,0,1,0,0,0,0,0,0,1,0,0,0,1,0,0,0,0,1,0,0
0.0,262.0,,2024-02-20 09:36:00,13554628108,0.0,0,2024-02-14 16:35,1,27000.0,2023-06-02 13:30:00,2024-09-02 16:38,7,0,0,0,1,0,0,0,0,0,0,0,0,0,0,0,1,0,1,0,0,0,0,1,0,0
0.0,63.0,,2023-08-04 09:24:00,13546752697,0.0,0,2023-06-01 22:16,1,10000.0,2023-06-01 22:16:00,2024-12-18 13:23,7,0,0,0,1,0,0,0,0,0,0,0,0,0,0,0,1,0,1,0,0,0,0,1,0,0
15000.0,60.0,,2023-08-01 10:51:00,13540347499,1.0,1,2023-08-01 14:00,0,15000.0,2023-06-01 13:26:00,2024-11-15 12:24,7,0,0,0,1,0,0,0,0,0,0,0,0,0,1,0,0,0,1,0,0,0,0,1,0,0
0.0,113.0,,2023-09-22 14:38:00,13539369802,0.0,0,2023-08-09 13:35,1,62500.0,2023-06-01 11:24:00,2025-01-29 14:43,7,0,0,0,0,0,0,0,0,0,0,0,1,0,0,0,1,0,1,0,0,0,0,0,0,0
0.0,34.0,,2023-07-05 11:33:00,13539295668,0.0,0,,1,30000.0,2023-06-01 11:17:00,2025-01-03 13:58,7,0,0,0,0,0,0,0,0,0,0,0,1,0,0,0,1,0,1,0,0,0,0,0,0,0
0.0,173.0,,2023-11-22 10:14:00,13537607969,0.0,0,2023-11-08 16:30,1,30000.0,2023-06-01 11:15:00,2025-01-03 11:04,7,0,0,0,0,0,0,0,0,0,0,0,1,0,0,0,1,0,1,0,0,0,0,0,0,1
6000.0,42.0,,2023-07-13 08:55:00,13525575499,1.0,1,2023-06-23 15:00,0,6000.0,2023-05-31 14:41:00,2025-02-20 09:16,7,0,0,0,0,0,0,0,0,1,0,0,0,0,1,0,0,0,1,0,0,0,0,1,0,0
0.0,64.0,,2023-08-04 10:37:00,13525574943,0.0,0,2023-07-18 16:00,1,67500.0,2023-05-31 14:37:00,2024-09-02 16:38,7,0,0,0,1,0,0,0,0,0,0,0,0,0,0,0,1,0,1,0,0,0,0,1,0,0
0.0,266.0,,2024-02-21 16:21:00,13512856226,0.0,0,2024-01-02 16:46,1,15000.0,2023-05-30 19:24:00,2024-12-18 14:33,7,0,0,0,0,0,0,0,0,0,0,0,1,0,0,0,1,0,0,0,0,0,0,1,0,0
6000.0,48.0,,2023-07-17 16:40:00,13507359857,1.0,1,2023-07-17 14:00,0,6000.0,2023-05-30 13:34:00,2024-12-16 14:04,7,0,0,0,0,0,0,0,0,1,0,0,0,0,1,0,0,0,1,0,0,0,0,1,0,0
0.0,93.0,,2023-08-31 11:55:00,13506983093,0.0,0,2023-07-11 16:39,1,90000.0,2023-05-30 11:52:00,2025-02-05 13:48,7,0,0,0,1,0,0,0,0,0,0,0,0,0,0,0,1,0,1,0,0,0,0,1,0,0
0.0,110.0,,2023-08-23 16:08:00,13242199078,0.0,0,2023-05-05 09:01,1,24000.0,2023-05-05 10:10:00,2024-01-12 17:56,7,0,0,0,0,0,0,0,0,1,0,0,0,0,0,0,1,0,1,0,0,0,0,1,0,0
0.0,183.0,,2023-11-01 10:17:00,13205430316,0.0,0,,1,60000.0,2023-05-02 09:29:00,2024-10-24 03:52,7,0,0,0,0,0,0,0,0,0,0,0,1,0,0,0,1,0,1,0,0,0,0,1,0,0
0.0,118.0,,2023-08-23 16:08:00,13160765450,0.0,0,2023-07-10 13:15,1,15000.0,2023-04-27 11:56:00,2024-12-18 16:47,7,0,0,0,0,0,0,1,0,0,0,0,0,0,0,0,1,0,1,0,0,0,0,1,0,0
0.0,59.0,,2023-06-23 11:33:00,13134551697,0.0,0,2023-05-11 12:00,1,6000.0,2023-04-25 10:44:00,2025-02-14 13:27,7,0,0,0,0,0,0,1,0,0,0,0,0,0,0,0,1,0,1,0,0,0,0,1,0,0
0.0,79.0,,2023-07-07 11:43:00,13048072971,0.0,0,2023-05-09 15:48,1,21000.0,2023-04-18 14:41:00,2024-09-02 16:39,7,0,0,0,0,0,0,1,0,0,0,0,0,0,0,0,1,0,1,0,0,0,0,1,0,0
0.0,310.0,,2024-02-15 13:44:00,12927835701,0.0,0,2024-02-07 15:00,1,50000.0,2023-04-11 11:32:00,2024-12-18 16:47,7,0,0,0,0,0,0,0,0,0,0,0,1,0,0,0,1,0,1,0,0,0,0,1,0,0
0.0,264.0,,2023-12-31 11:13:00,12925391644,1.0,1,2024-05-30 11:47,0,0.0,2023-04-11 08:19:00,2025-02-20 11:21,7,0,0,0,0,0,0,0,0,0,0,0,1,0,1,0,0,0,1,0,0,0,0,0,0,1
0.0,637.0,,2025-01-06 19:32:00,12920180250,0.0,0,,1,0.0,2023-04-10 19:38:00,2025-02-13 13:19,7,0,0,0,0,0,0,0,0,0,0,0,0,0,0,0,1,0,1,0,0,0,0,0,0,1
112000.0,10.0,,2023-04-20 20:36:00,12916835594,1.0,1,2023-09-05 16:33,0,112000.0,2023-04-10 12:58:00,2025-02-13 13:19,7,0,0,0,0,0,0,0,0,1,0,0,0,0,1,0,0,0,1,0,0,0,0,0,0,0
0.0,139.0,,2023-08-23 16:09:00,12873538401,0.0,0,2023-04-25 11:00,1,50000.0,2023-04-06 15:37:00,2025-02-06 09:04,7,0,0,0,0,0,0,0,0,1,0,0,0,0,0,0,1,0,1,0,0,0,0,1,0,0
0.0,316.0,34.0,2024-02-16 11:56:00,12854398239,0.7,0,2025-02-20 15:06,0,0.0,2023-04-05 13:35:00,2025-02-20 15:06,9,0,0,0,0,0,0,0,0,0,0,0,1,0,0,1,0,0,1,0,0,0,0,1,0,0
30000.0,374.0,,2024-04-01 14:48:00,12705847613,1.0,1,2023-06-01 09:02,0,30000.0,2023-03-24 11:07:00,2025-02-19 10:11,7,0,0,0,0,0,0,0,0,0,0,0,1,0,1,0,0,0,1,0,0,0,0,0,0,1
45000.0,644.0,,2024-12-27 16:30:00,12705678126,1.0,1,2023-10-13 15:56,0,45000.0,2023-03-24 11:00:00,2025-01-29 14:43,7,0,0,0,0,0,0,0,0,0,0,0,0,0,1,0,0,0,1,0,0,0,0,0,0,1
0.0,684.0,,2025-02-05 12:06:00,12705702960,0.0,0,2023-06-15 12:45,1,0.0,2023-03-24 10:58:00,2025-02-05 12:08,7,0,0,0,0,0,0,0,0,0,0,0,0,0,0,0,1,0,0,0,0,0,0,0,0,1
0.0,684.0,,2025-02-05 12:06:00,12705156417,0.0,0,,1,0.0,2023-03-24 09:59:00,2025-02-05 12:06,7,0,0,0,0,0,0,0,0,0,0,0,0,0,0,0,1,0,0,0,0,0,0,0,0,1
0.0,47.0,,2023-05-08 11:49:00,12653014188,0.0,0,,1,14400.0,2023-03-21 16:24:00,2024-09-12 18:30,7,0,0,0,0,0,0,0,0,0,0,0,1,0,0,0,1,0,1,0,0,0,0,0,0,0
5000.0,745.0,1.0,2025-04-04 13:00:00,12645534483,0.1,0,2024-09-17 12:46,0,50000.0,2023-03-21 09:13:00,2025-02-05 12:00,3,0,0,0,0,0,0,0,0,0,0,1,0,0,0,0,0,1,0,0,0,0,0,1,0,0
0.0,107.0,,2023-07-05 11:49:00,12626572587,0.0,0,2023-06-15 14:09,1,15000.0,2023-03-20 11:46:00,2025-02-11 04:38,7,0,0,0,0,0,0,0,0,0,0,0,1,0,0,0,1,0,1,0,0,0,0,0,0,0
12000.0,144.0,,2023-08-11 14:18:00,14574414463,1.0,1,2024-08-16 15:49,0,12000.0,2023-03-20 11:08:00,2025-02-19 10:45,7,1,0,0,0,0,0,0,0,0,0,0,0,0,1,0,0,0,1,0,0,0,0,1,0,0
0.0,590.0,,2024-10-27 15:09:00,12579262476,0.0,0,2023-04-12 14:22,1,0.0,2023-03-17 11:16:00,2024-10-27 15:10,7,0,0,0,0,0,0,0,0,0,0,0,0,0,0,0,1,0,1,0,0,0,0,0,0,1
0.0,691.0,,2025-02-05 12:06:00,12578881135,0.0,0,,1,0.0,2023-03-17 10:29:00,2025-02-05 12:07,7,0,0,0,0,0,0,0,0,0,0,0,0,0,0,0,1,0,1,0,0,0,0,0,0,1
0.0,90.0,,2023-06-14 11:49:00,12550652832,0.0,0,2023-04-18 15:33,1,30000.0,2023-03-15 17:07:00,2024-01-12 17:56,7,0,0,0,1,0,0,0,0,0,0,0,0,0,0,0,1,0,1,0,0,0,0,1,0,0
6000.0,74.0,,2023-05-22 11:50:00,12459674266,1.0,1,2023-04-12 14:41,0,6000.0,2023-03-09 10:45:00,2024-11-21 14:57,7,0,0,0,0,0,0,0,0,0,0,0,1,0,1,0,0,0,0,0,0,0,0,0,0,0
0.0,242.0,,2023-11-01 10:17:00,12391034404,0.0,0,2023-09-12 09:02,1,48000.0,2023-03-03 18:00:00,2024-06-14 17:40,7,0,0,0,1,0,0,0,0,0,0,0,0,0,0,0,1,0,1,0,0,0,0,1,0,0
0.0,75.0,,2023-05-15 11:50:00,12344587778,0.0,0,2023-09-13 09:00,1,50000.0,2023-02-28 14:03:00,2024-01-25 12:38,7,0,0,0,1,0,0,0,0,0,0,0,0,0,0,0,1,0,1,0,0,0,0,1,0,0
0.0,118.0,,2023-06-23 11:50:00,12293065119,0.0,0,2023-03-16 14:54,1,30000.0,2023-02-24 17:22:00,2024-01-12 17:56,7,1,0,0,0,0,0,0,0,0,0,0,0,0,0,0,1,0,1,0,0,0,0,1,0,0
0.0,81.0,,2023-05-17 11:51:00,12291872627,0.0,0,2023-04-12 13:18,1,12000.0,2023-02-24 12:41:00,2024-01-12 17:56,7,0,0,0,1,0,0,0,0,0,0,0,0,0,0,0,1,0,1,0,0,0,0,1,0,0
32500.0,111.0,,2023-06-15 11:51:00,12290125701,1.0,1,2024-06-25 10:50,0,32500.0,2023-02-24 10:10:00,2024-11-21 17:01,7,0,0,0,0,0,0,0,0,1,0,0,0,0,1,0,0,0,0,0,0,0,0,1,0,0
0.0,98.0,,2023-06-01 11:51:00,12279252011,0.0,0,,1,15000.0,2023-02-23 10:38:00,2024-09-18 18:48,7,0,0,0,0,0,0,0,0,0,0,0,1,0,0,0,1,0,1,0,0,0,0,0,0,0
0.0,165.0,,2023-08-07 09:49:00,12271860060,0.0,0,2023-02-22 17:54,1,11250.0,2023-02-22 16:27:00,2024-01-12 17:56,7,0,0,0,0,0,0,0,0,1,0,0,0,0,0,0,1,0,1,0,0,0,0,1,0,0
0.0,0.0,,2023-02-22 11:42:00,12270134701,0.0,0,,1,20000.0,2023-02-22 12:46:00,2024-01-12 17:56,7,0,0,0,1,0,0,0,0,0,0,0,0,0,0,0,1,0,1,0,0,0,0,1,0,0
0.0,251.0,,2023-10-31 14:56:00,12258530565,0.0,0,2023-06-16 12:00,1,75000.0,2023-02-21 16:25:00,2024-01-12 17:56,7,0,0,0,0,0,0,0,0,1,0,0,0,0,0,0,1,0,1,0,0,0,0,1,0,0
48000.0,115.0,,2023-06-16 11:51:00,12243057957,1.0,1,2023-07-11 14:23,0,48000.0,2023-02-20 12:43:00,2024-12-27 11:09,7,0,0,0,1,0,0,0,0,0,0,0,0,0,1,0,0,0,1,0,0,0,0,1,0,0
0.0,689.0,,2025-01-06 21:52:00,12205858729,0.0,0,2024-02-21 09:53,1,75000.0,2023-02-17 12:43:00,2025-01-06 21:53,7,0,0,0,0,0,0,0,0,0,0,0,1,0,0,0,1,0,1,0,0,0,0,1,0,0
0.0,718.0,,2025-02-05 12:07:00,12205687198,1.0,1,2024-12-11 13:00,0,0.0,2023-02-17 12:27:00,2025-02-05 12:07,7,0,0,0,0,0,0,0,0,0,0,0,1,0,1,0,0,0,1,0,0,0,0,0,0,1
15000.0,176.0,,2023-08-11 20:18:00,12191175776,1.0,1,2024-07-01 12:04,0,15000.0,2023-02-16 14:48:00,2024-12-23 10:25,7,0,0,0,1,0,0,0,0,0,0,0,0,0,1,0,0,0,1,0,0,0,0,1,0,0
0.0,372.0,,2024-02-21 15:36:00,12152008989,0.0,0,2024-10-22 11:00,1,80940.0,2023-02-14 07:23:00,2025-02-03 12:56,7,0,0,0,1,0,0,0,0,0,0,0,0,0,0,0,1,0,1,0,0,0,0,1,0,0
0.0,95.0,,2023-05-17 11:52:00,12103623186,0.0,0,2023-05-09 15:46,1,20000.0,2023-02-10 12:44:00,2024-01-12 17:56,7,0,0,0,1,0,0,0,0,0,0,0,0,0,0,0,1,0,1,0,0,0,0,1,0,0
12000.0,49.0,,2023-03-31 13:23:00,12091214396,1.0,1,2023-06-12 09:13,0,12000.0,2023-02-09 16:45:00,2025-02-13 14:21,7,0,0,0,1,0,0,0,0,0,0,0,0,0,1,0,0,0,1,0,0,0,0,1,0,0
0.0,148.0,,2023-07-07 11:52:00,12074424995,0.0,0,2023-03-15 16:39,1,50000.0,2023-02-08 20:36:00,2024-11-11 12:51,7,0,0,0,0,0,0,0,0,0,0,0,1,0,0,0,1,0,1,0,0,0,0,1,0,0
0.0,0.0,,2023-02-07 10:54:00,12038760465,0.0,0,2023-02-07 11:42,1,25000.0,2023-02-06 12:48:00,2024-01-12 17:56,7,0,0,0,0,0,0,0,0,0,1,0,0,0,0,0,1,0,0,0,0,0,0,1,0,0
72000.0,96.0,,2023-05-10 11:55:00,12002788421,1.0,1,2023-07-26 09:11,0,72000.0,2023-02-03 09:04:00,2025-01-30 14:04,7,0,0,0,0,0,0,0,0,0,1,0,0,0,1,0,0,0,0,1,0,0,0,1,0,0
15400.0,292.0,,2023-11-21 15:33:00,11993267974,1.0,1,2024-05-30 11:47,0,15400.0,2023-02-02 12:19:00,2025-02-20 11:21,7,0,0,0,0,0,0,0,0,0,0,0,1,0,1,0,0,0,1,0,0,0,0,0,0,0
21000.0,344.0,,2024-01-04 10:18:00,11834219135,1.0,1,2024-06-25 17:03,0,21000.0,2023-01-24 13:42:00,2025-01-03 14:04,7,0,0,0,0,0,0,0,0,1,0,0,0,0,1,0,0,0,1,0,0,0,0,1,0,0
0.0,105.0,,2023-05-04 11:56:00,11764517718,0.0,0,2023-01-19 10:27,1,7500.0,2023-01-19 10:26:00,2024-01-12 17:56,7,0,0,0,1,0,0,0,0,0,0,0,0,0,0,0,1,0,1,0,0,0,0,1,0,0
0.0,75.0,,2023-04-04 11:56:00,11764516988,0.0,0,2023-03-14 11:30,1,8000.0,2023-01-19 10:21:00,2024-01-12 17:56,7,0,0,0,0,0,0,0,0,1,0,0,0,0,0,0,1,0,1,0,0,0,0,1,0,0
0.0,439.0,,2024-04-02 11:45:00,11764379525,0.0,0,2024-04-18 14:01,1,50000.0,2023-01-19 10:16:00,2024-12-23 09:57,7,0,0,0,0,0,0,0,0,1,0,0,0,0,0,0,1,0,1,0,0,0,0,1,0,0
0.0,434.0,,2024-03-21 18:12:00,11665797173,0.0,0,2024-02-27 11:42,1,100000.0,2023-01-11 18:40:00,2025-02-04 15:39,7,0,0,0,0,0,0,0,0,1,0,0,0,0,0,0,1,0,1,0,0,0,0,1,0,0
0.0,37.0,,2023-02-16 10:57:00,11636340366,0.0,0,,1,20000.0,2023-01-09 13:15:00,2025-02-13 13:25,7,0,0,0,0,0,0,0,0,0,0,0,1,0,0,0,1,0,1,0,0,0,0,1,0,0
,24.0,,2023-02-03 10:57:00,11636340280,0.0,0,,1,,2023-01-09 13:15:00,2024-01-12 17:56,7,0,0,0,0,0,0,1,0,0,0,0,0,0,0,0,1,0,1,0,0,0,0,1,0,0
0.0,763.0,,2025-02-05 11:56:00,11579853598,0.0,0,2025-01-14 15:17,1,0.0,2023-01-04 11:51:00,2025-02-05 11:57,7,0,0,0,0,0,0,1,0,0,0,0,0,0,0,0,1,0,1,0,0,0,0,1,0,0
0.0,562.0,,2024-07-19 09:38:00,11570483865,0.0,0,2023-12-12 14:04,1,50000.0,2023-01-03 18:08:00,2025-02-11 04:44,7,0,0,0,0,0,0,1,0,0,0,0,0,0,0,0,1,0,0,0,0,0,0,1,0,0
0.0,84.0,,2023-03-06 10:58:00,11311077008,0.0,0,2023-02-09 14:45,1,5000.0,2022-12-11 15:49:00,2024-01-12 17:56,7,0,0,0,0,0,0,0,0,0,0,0,1,0,0,0,1,0,0,1,0,0,0,1,0,0
0.0,241.0,,2023-08-09 16:33:00,11310773651,0.0,0,2023-03-28 17:26,1,30000.0,2022-12-11 14:46:00,2024-12-18 14:33,7,0,0,0,0,0,0,0,0,0,0,0,1,0,0,0,1,0,1,0,0,0,0,1,0,0
60000.0,109.0,,2023-03-31 11:58:00,11310201388,1.0,1,2024-02-01 14:41,0,60000.0,2022-12-11 14:24:00,2024-12-16 13:55,7,0,0,0,0,0,0,1,0,0,0,0,0,0,1,0,0,0,1,0,0,0,0,1,0,0
0.0,133.0,,2023-03-23 11:59:00,10881745185,0.0,0,,1,10000.0,2022-11-10 07:49:00,2024-01-12 17:56,7,0,0,0,1,0,0,0,0,0,0,0,0,0,0,0,1,0,0,0,0,0,0,1,0,0
0.0,75.0,,2023-01-24 10:59:00,10881745030,0.0,0,,1,10000.0,2022-11-10 07:48:00,2024-12-18 14:33,7,0,0,0,1,0,0,0,0,0,0,0,0,0,0,0,1,0,1,0,0,0,0,1,0,0
0.0,91.0,,2023-02-09 10:59:00,10881763501,0.0,0,,1,30000.0,2022-11-10 07:45:00,2024-12-18 13:23,7,0,0,0,0,0,0,0,0,0,0,0,1,0,0,0,1,0,1,0,0,0,0,1,0,0
0.0,91.0,,2023-02-09 11:00:00,10874517338,0.0,0,2024-11-26 09:21,1,100000.0,2022-11-09 17:40:00,2025-01-22 16:43,7,0,0,0,0,0,0,0,0,0,0,0,1,0,0,0,1,0,1,0,0,0,0,1,0,0
8000.0,0.0,,2022-11-08 11:00:00,10858787222,1.0,1,2024-12-02 12:15,0,8000.0,2022-11-08 13:19:00,2024-12-02 12:15,7,0,0,0,0,0,0,0,0,0,1,0,0,0,1,0,0,0,0,1,0,0,0,1,0,0
,469.0,,2024-02-15 13:45:00,10795413573,0.0,0,2024-02-07 15:00,1,,2022-11-03 11:31:00,2024-11-21 17:00,7,0,0,0,0,0,0,0,0,0,0,0,1,0,0,0,1,0,1,0,0,0,0,1,0,0
20000.0,410.0,,2023-12-18 12:00:00,10784175217,1.0,1,2025-02-05 08:39,0,20000.0,2022-11-02 14:11:00,2025-02-05 08:40,7,0,0,0,0,0,0,0,0,0,1,0,0,0,1,0,0,0,0,0,0,0,0,1,0,0
15000.0,141.0,,2023-03-23 12:01:00,10773449015,1.0,1,2024-08-27 12:43,0,15000.0,2022-11-01 16:45:00,2025-01-19 19:01,7,0,0,0,0,0,0,0,0,1,0,0,0,0,1,0,0,0,1,0,0,0,0,1,0,0
0.0,49.0,,2022-12-20 11:05:00,10757379478,0.0,0,,1,100000.0,2022-10-31 20:05:00,2024-12-30 10:13,7,0,0,0,0,0,0,1,0,0,0,0,0,0,0,0,1,0,1,0,0,0,0,1,0,0
4800.0,77.0,,2022-12-19 11:23:00,10423743544,1.0,1,2023-04-12 14:42,0,4800.0,2022-10-03 10:06:00,2024-11-21 14:57,7,0,0,0,0,0,0,0,0,0,0,0,1,0,1,0,0,0,0,0,0,0,0,1,0,0
,103.0,,2022-12-18 11:05:00,10083572533,0.0,0,2023-06-05 12:59,1,,2022-09-06 08:00:00,2025-02-20 16:41,7,0,0,0,0,0,0,0,0,0,0,0,1,0,0,0,1,0,1,0,0,0,0,1,0,0
30000.0,252.0,,2023-05-09 12:06:00,9979409061,1.0,1,2023-02-02 12:57,0,30000.0,2022-08-29 16:43:00,2025-01-14 17:11,7,0,0,0,0,0,0,0,0,0,0,0,1,0,1,0,0,0,1,0,0,0,0,1,0,0
3500.0,112.0,,2022-12-20 11:06:00,9978555209,1.0,1,,0,3500.0,2022-08-29 16:43:00,2024-09-12 18:30,7,0,0,0,0,0,0,0,0,0,0,0,1,0,1,0,0,0,0,0,0,0,0,1,0,0
35000.0,188.0,,2023-02-23 11:08:00,9870401327,1.0,1,2023-07-10 14:07,0,35000.0,2022-08-19 10:40:00,2024-11-21 16:58,7,0,0,0,0,0,0,0,0,0,0,0,1,0,1,0,0,0,1,0,0,0,0,1,0,0
0.0,158.0,,2023-01-19 11:09:00,9817306709,0.0,0,,1,50000.0,2022-08-14 07:46:00,2024-06-28 05:30,7,0,0,0,0,0,0,0,0,0,0,0,1,0,0,0,1,0,1,0,0,0,0,1,0,0
1000.0,128.0,,2022-12-20 11:09:00,9817320093,1.0,1,,0,1000.0,2022-08-14 07:46:00,2024-09-03 19:33,7,0,0,0,0,0,0,0,0,0,0,0,1,0,1,0,0,0,1,0,0,0,0,1,0,0
6000.0,128.0,,2022-12-20 11:09:00,9817287488,1.0,1,,0,6000.0,2022-08-14 07:46:00,2025-01-09 12:42,7,0,0,0,0,0,0,0,0,0,0,0,1,0,1,0,0,0,1,0,0,0,0,1,0,0
35000.0,128.0,,2022-12-20 11:09:00,9816972354,1.0,1,2024-12-20 15:02,0,35000.0,2022-08-14 07:46:00,2024-12-20 15:02,7,0,0,0,0,0,0,0,0,0,0,0,1,0,1,0,0,0,1,0,0,0,0,1,0,0
51000.0,128.0,,2022-12-20 11:10:00,9817306708,1.0,1,,0,51000.0,2022-08-14 07:46:00,2025-02-11 06:32,7,0,0,0,0,0,0,0,0,0,0,0,1,0,1,0,0,0,1,0,0,0,0,0,0,1
30000.0,128.0,,2022-12-20 11:10:00,9816977215,1.0,1,,0,30000.0,2022-08-14 07:46:00,2025-01-09 12:42,7,0,0,0,0,0,0,0,0,0,0,0,1,0,1,0,0,0,0,0,0,0,0,0,0,1
140000.0,128.0,,2022-12-20 11:10:00,9817320091,1.0,1,,0,140000.0,2022-08-14 07:46:00,2025-02-13 13:19,7,0,0,0,0,0,0,0,0,1,0,0,0,0,1,0,0,0,1,0,0,0,0,1,0,0
48125.0,128.0,,2022-12-20 11:11:00,9816946087,1.0,1,,0,48125.0,2022-08-14 07:46:00,2025-02-05 13:57,7,0,0,0,0,0,0,0,0,0,0,0,1,0,1,0,0,0,1,0,0,0,0,0,0,1
,128.0,,2022-12-20 11:11:00,9817339734,0.0,0,,1,,2022-08-14 07:46:00,2024-01-12 17:56,7,0,0,0,0,0,1,0,0,0,0,0,0,0,0,0,1,0,1,0,0,0,0,1,0,0
0.0,128.0,,2022-12-20 11:11:00,9817339733,0.0,0,,1,300000.0,2022-08-14 07:46:00,2025-02-11 04:38,7,0,0,0,0,0,0,0,0,0,0,0,1,0,0,0,1,0,1,0,0,0,0,0,0,0
30000.0,128.0,,2022-12-20 11:11:00,9816958792,1.0,1,,0,30000.0,2022-08-14 07:46:00,2025-02-11 04:38,7,0,0,0,0,0,0,0,0,0,0,0,1,0,1,0,0,0,1,0,0,0,0,0,0,1
0.0,128.0,,2022-12-20 11:11:00,9817302620,0.0,0,,1,15000.0,2022-08-14 07:46:00,2024-01-12 17:56,7,0,0,0,0,0,0,0,0,0,0,0,1,0,0,0,1,0,1,0,0,0,0,1,0,0
59000.0,128.0,,2022-12-20 11:12:00,9816958791,1.0,1,,0,59000.0,2022-08-14 07:46:00,2025-01-29 14:43,7,0,0,0,0,0,0,0,0,0,0,0,1,0,1,0,0,0,1,0,0,0,0,0,0,1
,128.0,,2022-12-20 11:12:00,9816996390,0.0,0,,1,,2022-08-14 07:46:00,2024-10-30 10:51,7,0,0,0,0,0,0,0,0,0,0,0,1,0,0,0,1,0,1,0,0,0,0,1,0,0
72200.0,128.0,,2022-12-20 11:12:00,9816968255,1.0,1,,0,72200.0,2022-08-14 07:46:00,2025-02-20 11:21,7,0,0,0,0,0,0,0,0,0,0,0,1,0,1,0,0,0,1,0,0,0,0,1,0,0
0.0,128.0,,2022-12-20 11:12:00,9817339732,0.0,0,,1,25000.0,2022-08-14 07:46:00,2024-12-03 10:40,7,0,0,0,0,0,0,0,0,0,0,0,1,0,0,0,1,0,1,0,0,0,0,1,0,0
108000.0,128.0,,2022-12-20 11:13:00,9816996389,1.0,1,,0,108000.0,2022-08-14 07:46:00,2025-02-11 04:38,7,0,0,0,0,0,0,0,0,0,0,0,1,0,1,0,0,0,1,0,0,0,0,0,0,1
0.0,128.0,,2022-12-20 11:13:00,9817339731,0.0,0,,1,24000.0,2022-08-14 07:46:00,2024-11-05 09:31,7,0,0,0,0,0,0,0,0,0,0,0,1,0,0,0,1,0,1,0,0,0,0,1,0,0
6000.0,128.0,,2022-12-20 11:13:00,9816996388,1.0,1,,0,6000.0,2022-08-14 07:46:00,2024-09-12 18:30,7,0,0,0,0,0,0,0,0,0,0,0,1,0,1,0,0,0,1,0,0,0,0,1,0,0
0.0,128.0,,2022-12-20 11:14:00,9816946084,0.0,0,,1,55000.0,2022-08-14 07:46:00,2024-11-11 12:51,7,0,0,0,0,0,0,0,0,0,0,0,1,0,0,0,1,0,1,0,0,0,0,1,0,0
0.0,128.0,,2022-12-20 11:15:00,9817334090,0.0,0,,1,25000.0,2022-08-14 07:46:00,2025-01-31 08:47,7,0,0,0,0,0,0,0,0,0,0,0,1,0,0,0,1,0,1,0,0,0,0,0,0,0
0.0,158.0,,2023-01-19 11:15:00,9816946082,0.0,0,,1,100000.0,2022-08-14 07:46:00,2024-09-18 18:48,7,0,0,0,0,0,0,0,0,0,0,0,1,0,0,0,1,0,1,0,0,0,0,0,0,1
,128.0,,2022-12-20 11:15:00,9817292308,0.0,0,,1,,2022-08-14 07:46:00,2025-02-11 06:26,7,0,0,0,0,0,0,0,0,1,0,0,0,0,0,0,1,0,1,0,0,0,0,1,0,0
0.0,128.0,,2022-12-20 11:15:00,9816968254,1.0,1,,0,0.0,2022-08-14 07:46:00,2025-02-13 13:19,7,0,0,0,0,0,0,0,0,1,0,0,0,0,1,0,0,0,1,0,0,0,0,1,0,0
0.0,128.0,,2022-12-20 11:16:00,9817334089,0.0,0,,1,25000.0,2022-08-14 07:46:00,2025-01-21 17:04,7,0,0,0,0,0,0,0,0,0,0,0,1,0,0,0,1,0,1,0,0,0,0,1,0,0
0.0,414.0,,2023-10-02 08:38:00,9817297177,0.0,0,,1,0.0,2022-08-14 07:46:00,2025-01-31 08:47,7,0,0,0,0,0,0,0,0,0,0,0,1,0,0,0,1,0,1,0,0,0,0,1,0,0
0.0,128.0,,2022-12-20 11:16:00,9816991509,0.0,0,,1,25000.0,2022-08-14 07:46:00,2024-12-16 14:09,7,0,0,0,0,0,0,0,0,0,0,0,1,0,0,0,1,0,1,0,0,0,0,1,0,0
200.0,128.0,,2022-12-20 11:16:00,9816996387,1.0,1,,0,200.0,2022-08-14 07:46:00,2024-09-12 18:30,7,0,0,0,0,0,0,0,0,0,0,0,1,0,1,0,0,0,1,0,0,0,0,1,0,0
0.0,128.0,,2022-12-20 11:26:00,9816972350,0.0,0,,1,100000.0,2022-08-14 07:46:00,2025-01-31 08:47,7,0,0,0,0,0,0,0,0,0,0,0,1,0,0,0,1,0,1,0,0,0,0,0,0,1
0.0,128.0,,2022-12-20 11:17:00,9817324817,1.0,1,2023-11-16 10:43,0,0.0,2022-08-14 07:46:00,2025-01-14 17:11,7,0,0,0,0,0,0,0,0,0,0,0,1,0,1,0,0,0,1,0,0,0,0,1,0,0
25000.0,128.0,,2022-12-20 11:17:00,9816972349,1.0,1,,0,25000.0,2022-08-14 07:46:00,2025-02-11 06:32,7,0,0,0,0,0,0,0,0,0,0,0,1,0,1,0,0,0,1,0,0,0,0,1,0,0
0.0,128.0,,2022-12-20 11:17:00,9817306704,1.0,1,,0,0.0,2022-08-14 07:46:00,2025-01-29 14:43,7,0,0,0,0,0,0,0,0,0,0,0,1,0,1,0,0,0,1,0,0,0,0,1,0,0
0.0,128.0,,2022-12-20 11:17:00,9817329967,1.0,1,,0,0.0,2022-08-14 07:46:00,2024-09-03 19:35,7,0,0,0,0,0,0,0,0,0,0,0,1,0,1,0,0,0,0,0,0,0,0,1,0,0
30000.0,128.0,,2022-12-20 11:18:00,9816972348,1.0,1,,0,30000.0,2022-08-14 07:46:00,2024-09-03 19:33,7,0,0,0,0,0,0,0,0,0,0,0,1,0,1,0,0,0,0,0,0,0,0,1,0,0
0.0,128.0,,2022-12-20 11:18:00,9817297174,0.0,0,,1,25000.0,2022-08-14 07:46:00,2025-01-14 16:41,7,0,0,0,0,0,1,0,0,0,0,0,0,0,0,0,1,0,1,0,0,0,0,1,0,0
0.0,128.0,,2022-12-20 11:18:00,9816968251,0.0,0,,1,24000.0,2022-08-14 07:46:00,2025-01-10 11:13,7,0,0,0,0,0,0,1,0,0,0,0,0,0,0,0,1,0,1,0,0,0,0,1,0,0
0.0,128.0,,2022-12-20 11:18:00,9817297173,0.0,0,,1,25000.0,2022-08-14 07:46:00,2025-02-11 07:01,7,0,0,0,0,0,1,0,0,0,0,0,0,0,0,0,1,0,1,0,0,0,0,1,0,0
3210.0,128.0,,2022-12-20 11:18:00,9816940667,1.0,1,,0,3210.0,2022-08-14 07:46:00,2025-01-29 14:43,7,0,0,0,0,0,0,0,0,0,0,0,1,0,1,0,0,0,1,0,0,0,0,1,0,0
0.0,128.0,,2022-12-20 11:19:00,9816981926,0.0,0,,1,25000.0,2022-08-14 07:46:00,2024-09-18 18:48,7,0,0,0,0,0,0,0,0,0,0,0,1,0,0,0,1,0,1,0,0,0,0,1,0,0
0.0,128.0,,2022-12-20 11:19:00,9816996384,0.0,0,,1,5000.0,2022-08-14 07:46:00,2024-01-12 17:56,7,0,0,0,0,0,0,0,0,0,0,0,1,0,0,0,1,0,1,0,0,0,0,1,0,0
,128.0,,2022-12-20 11:19:00,9817320087,0.0,0,,1,,2022-08-14 07:46:00,2025-02-20 13:20,7,1,0,0,0,0,0,0,0,0,0,0,0,0,0,0,1,0,0,0,0,0,0,0,0,0
0.0,128.0,,2022-12-20 11:19:00,9816996383,0.0,0,,1,40000.0,2022-08-14 07:46:00,2024-01-12 17:56,7,0,0,0,0,0,0,0,0,0,0,0,1,0,0,0,1,0,0,0,0,0,0,1,0,0
0.0,128.0,,2022-12-20 11:20:00,9816996381,0.0,0,,1,25000.0,2022-08-14 07:46:00,2025-01-14 16:41,7,0,0,0,0,0,1,0,0,0,0,0,0,0,0,0,1,0,1,0,0,0,0,1,0,0
0.0,128.0,,2022-12-20 11:20:00,9817302616,0.0,0,,1,25000.0,2022-08-14 07:46:00,2024-01-12 17:56,7,0,0,0,0,0,0,0,0,0,0,0,1,0,0,0,1,0,1,0,0,0,0,1,0,0
34200.0,128.0,,2022-12-20 11:20:00,9817306701,1.0,1,,0,34200.0,2022-08-14 07:46:00,2025-02-20 11:21,7,0,0,0,0,0,0,0,0,0,0,0,1,0,1,0,0,0,1,0,0,0,0,0,0,1
0.0,128.0,,2022-12-20 11:20:00,9817311105,0.0,0,,1,25000.0,2022-08-14 07:46:00,2025-01-29 15:56,7,0,0,0,1,0,0,0,0,0,0,0,0,0,0,0,1,0,1,0,0,0,0,1,0,0
25000.0,128.0,,2022-12-20 11:20:00,9816953952,1.0,1,,0,25000.0,2022-08-14 07:46:00,2024-09-03 19:33,7,0,0,0,0,0,0,0,0,0,0,0,1,0,1,0,0,0,1,0,0,0,0,1,0,0
59850.0,128.0,,2022-12-20 11:21:00,9817320086,1.0,1,,0,59850.0,2022-08-14 07:46:00,2025-02-20 11:21,7,0,0,0,0,0,0,0,0,0,0,0,1,0,1,0,0,0,1,0,0,0,0,1,0,0
0.0,128.0,,2022-12-20 11:21:00,9816991505,1.0,1,2024-07-10 09:46,0,0.0,2022-08-14 07:46:00,2025-01-03 13:59,7,0,0,0,0,0,0,0,0,0,0,0,1,0,1,0,0,0,1,0,0,0,0,1,0,0
59000.0,128.0,,2022-12-20 11:21:00,9816996380,1.0,1,,0,59000.0,2022-08-14 07:46:00,2025-01-31 08:47,7,0,0,0,0,0,0,0,0,0,0,0,1,0,1,0,0,0,1,0,0,0,0,0,0,1
0.0,128.0,,2022-12-20 11:21:00,9816953951,0.0,0,,1,24000.0,2022-08-14 07:46:00,2024-09-18 18:48,7,0,0,0,0,0,0,0,0,0,0,0,1,0,0,0,1,0,1,0,0,0,0,1,0,0
0.0,128.0,,2022-12-20 11:22:00,9816996379,0.0,0,,1,30000.0,2022-08-14 07:46:00,2025-02-13 14:01,7,0,0,0,0,0,1,0,0,0,0,0,0,0,0,0,1,0,1,0,0,0,0,1,0,0
35000.0,128.0,,2022-12-20 11:22:00,9817320084,1.0,1,,0,35000.0,2022-08-14 07:46:00,2025-02-05 13:57,7,0,0,0,0,0,0,0,0,0,0,0,1,0,1,0,0,0,1,0,0,0,0,1,0,0
0.0,128.0,,2022-12-20 11:22:00,9816968250,0.0,0,,1,24000.0,2022-08-14 07:46:00,2024-11-05 09:31,7,0,0,0,0,0,0,0,0,0,0,0,1,0,0,0,1,0,1,0,0,0,0,1,0,0
225000.0,128.0,,2022-12-20 11:22:00,9817320083,1.0,1,,0,225000.0,2022-08-14 07:46:00,2025-02-11 06:32,7,0,0,0,0,0,0,0,0,0,0,0,1,0,1,0,0,0,1,0,0,0,0,0,0,1
0.0,336.0,,2023-07-16 21:47:00,9816996377,0.0,0,2023-02-02 13:05,1,150000.0,2022-08-14 07:46:00,2024-11-05 09:31,7,0,0,0,0,0,0,0,0,0,0,0,1,0,0,0,1,0,1,0,0,0,0,1,0,0
86500.0,128.0,,2022-12-20 11:23:00,9816981925,1.0,1,,0,86500.0,2022-08-14 07:46:00,2025-02-11 04:38,7,0,0,0,0,0,0,0,0,0,0,0,1,0,1,0,0,0,1,0,0,0,0,0,0,1
0.0,128.0,,2022-12-20 11:26:00,9816958786,0.0,0,,1,0.0,2022-08-14 07:46:00,2025-02-07 12:27,7,0,0,0,0,0,0,0,0,0,0,0,1,0,0,0,1,0,1,0,0,0,0,1,0,0
0.0,128.0,,2022-12-20 11:27:00,9816953950,1.0,1,2023-11-16 10:43,0,0.0,2022-08-14 07:46:00,2025-01-14 17:11,7,0,0,0,0,0,0,0,0,0,0,0,1,0,1,0,0,0,1,0,0,0,0,1,0,0
,128.0,,2022-12-20 11:42:00,9816991503,0.0,0,,1,,2022-08-14 07:46:00,2024-01-12 17:56,7,0,0,0,0,0,0,0,0,0,0,0,1,0,0,0,1,0,1,0,0,0,0,1,0,0
15600.0,128.0,,2022-12-20 11:27:00,9816981924,1.0,1,,0,15600.0,2022-08-14 07:46:00,2024-09-12 18:30,7,0,0,0,0,0,0,0,0,0,0,0,1,0,1,0,0,0,1,0,0,0,0,0,0,1
0.0,128.0,,2022-12-20 11:27:00,9817306700,0.0,0,,1,50000.0,2022-08-14 07:46:00,2025-02-07 12:27,7,0,0,0,0,0,0,0,0,0,0,0,1,0,0,0,1,0,1,0,0,0,0,0,0,1
0.0,128.0,,2022-12-20 11:28:00,9816986926,0.0,0,,1,25000.0,2022-08-14 07:46:00,2025-02-06 09:04,7,0,0,0,0,0,0,0,0,0,0,0,1,0,0,0,1,0,1,0,0,0,0,1,0,0
0.0,128.0,,2022-12-20 11:28:00,9816996376,1.0,1,,0,0.0,2022-08-14 07:46:00,2024-12-18 13:23,7,0,0,0,0,0,0,0,0,0,0,0,1,0,1,0,0,0,1,0,0,0,0,1,0,0
0.0,128.0,,2022-12-20 11:28:00,9816940663,0.0,0,,1,24000.0,2022-08-14 07:46:00,2024-10-24 03:52,7,0,0,0,0,0,1,0,0,0,0,0,0,0,0,0,1,0,1,0,0,0,0,1,0,0
,128.0,,2022-12-20 11:28:00,9816991502,0.0,0,,1,,2022-08-14 07:46:00,2024-11-05 09:31,7,0,0,0,0,0,0,0,0,0,0,0,1,0,0,0,1,0,1,0,0,0,0,1,0,0
107500.0,128.0,,2022-12-20 11:29:00,9816986925,1.0,1,,0,107500.0,2022-08-14 07:46:00,2025-02-11 06:32,7,0,0,0,0,0,0,0,0,0,0,0,1,0,1,0,0,0,1,0,0,0,0,0,0,1
59000.0,137.0,,2022-12-29 11:29:00,9816958785,1.0,1,,0,59000.0,2022-08-14 07:46:00,2025-01-29 14:43,7,0,0,0,0,0,0,0,0,0,0,0,1,0,1,0,0,0,1,0,0,0,0,0,0,1
0.0,128.0,,2022-12-20 11:29:00,9817302613,0.0,0,,1,120000.0,2022-08-14 07:46:00,2024-10-11 15:21,7,0,0,0,0,0,0,0,0,1,0,0,0,0,0,0,1,0,1,0,0,0,0,1,0,0
0.0,128.0,,2022-12-20 11:29:00,9817334084,0.0,0,,1,30000.0,2022-08-14 07:46:00,2024-09-19 18:59,7,0,0,0,0,0,0,0,0,0,0,0,1,0,0,0,1,0,1,0,0,0,0,1,0,0
0.0,128.0,,2022-12-20 11:29:00,9817334083,0.0,0,,1,2000.0,2022-08-14 07:46:00,2025-01-31 08:47,7,0,0,0,0,0,0,0,0,0,0,0,1,0,0,0,1,0,1,0,0,0,0,1,0,0
0.0,128.0,,2022-12-20 11:29:00,9817320081,0.0,0,,1,24000.0,2022-08-14 07:46:00,2025-02-13 15:01,7,0,0,0,0,0,0,0,0,0,0,0,1,0,0,0,1,0,1,0,0,0,0,1,0,0
0.0,128.0,,2022-12-20 11:30:00,9817329965,0.0,0,,1,24000.0,2022-08-14 07:46:00,2024-01-12 17:56,7,0,0,0,0,0,1,0,0,0,0,0,0,0,0,0,1,0,1,0,0,0,0,1,0,0
,0.0,,2020-12-20 10:26:00,9817334081,0.0,0,,1,,2022-08-14 07:46:00,2024-12-18 16:47,7,0,0,0,0,0,0,0,0,0,0,0,1,0,0,0,1,0,0,0,0,0,0,1,0,0
0.0,128.0,,2022-12-20 11:30:00,9816972344,0.0,0,,1,24000.0,2022-08-14 07:46:00,2024-01-12 17:56,7,0,0,0,0,0,0,0,0,0,0,0,1,0,0,0,1,0,1,0,0,0,0,1,0,0
0.0,128.0,,2022-12-20 11:30:00,9816968249,0.0,0,,1,120000.0,2022-08-14 07:46:00,2025-02-11 04:38,7,0,0,0,0,0,0,0,0,0,0,0,1,0,0,0,1,0,1,0,0,0,0,0,0,0
0.0,128.0,,2022-12-20 11:30:00,9817306699,0.0,0,,1,24000.0,2022-08-14 07:46:00,2024-12-18 13:25,7,0,0,0,0,0,1,0,0,0,0,0,0,0,0,0,1,0,1,0,0,0,0,1,0,0
0.0,128.0,,2022-12-20 11:31:00,9816981923,0.0,0,,1,25000.0,2022-08-14 07:46:00,2025-02-11 06:45,7,0,0,0,0,0,0,0,0,1,0,0,0,0,0,0,1,0,1,0,0,0,0,1,0,0
0.0,128.0,,2022-12-20 11:31:00,9816977206,0.0,0,,1,25000.0,2022-08-14 07:46:00,2024-01-12 17:56,7,0,0,0,0,0,0,0,0,0,0,0,1,0,0,0,1,0,1,0,0,0,0,1,0,0
0.0,128.0,,2022-12-20 11:32:00,9816996375,0.0,0,,1,55000.0,2022-08-14 07:46:00,2024-11-14 10:32,7,0,0,0,0,0,0,0,0,0,0,0,1,0,0,0,1,0,1,0,0,0,0,1,0,0
0.0,127.0,,2022-12-19 11:32:00,9816940660,0.0,0,,1,0.0,2022-08-14 07:46:00,2024-07-03 06:57,7,0,0,0,0,0,0,0,0,0,0,0,1,0,0,0,1,0,1,0,0,0,0,1,0,0
,128.0,,2022-12-20 11:32:00,9817329964,0.0,0,,1,,2022-08-14 07:46:00,2024-01-12 17:56,7,0,0,0,0,0,0,0,0,0,0,0,1,0,0,0,1,0,1,0,0,0,0,1,0,0
0.0,128.0,,2022-12-20 11:32:00,9816991499,0.0,0,,1,100000.0,2022-08-14 07:46:00,2025-02-13 13:25,7,0,0,0,0,0,0,0,0,0,0,0,1,0,0,0,1,0,1,0,0,0,0,1,0,0
0.0,128.0,,2022-12-20 11:34:00,9816991498,0.0,0,,1,0.0,2022-08-14 07:46:00,2025-01-14 16:41,7,0,0,0,0,0,1,0,0,0,0,0,0,0,0,0,1,0,1,0,0,0,0,1,0,0
769500.0,137.0,,2022-12-29 11:34:00,9816996374,1.0,1,,0,769500.0,2022-08-14 07:46:00,2025-02-20 11:21,7,0,0,0,0,0,0,0,0,0,0,0,1,0,1,0,0,0,1,0,0,0,0,0,0,1
0.0,128.0,,2022-12-20 11:34:00,9817306698,0.0,0,2024-11-26 09:21,1,80000.0,2022-08-14 07:46:00,2025-01-22 16:43,7,0,0,0,0,0,0,0,0,0,0,0,1,0,0,0,1,0,1,0,0,0,0,1,0,0
0.0,128.0,,2022-12-20 11:34:00,9816977205,1.0,1,,0,0.0,2022-08-14 07:46:00,2024-10-14 12:25,7,0,0,0,0,0,0,0,0,0,0,0,1,0,1,0,0,0,0,0,0,0,0,1,0,0
0.0,128.0,,2022-12-20 11:35:00,9816968248,0.0,0,,1,120000.0,2022-08-14 07:46:00,2025-01-31 08:47,7,0,0,0,0,0,0,0,0,0,0,0,1,0,0,0,1,0,1,0,0,0,0,1,0,0
0.0,128.0,,2022-12-20 11:35:00,9817292301,0.0,0,,1,35000.0,2022-08-14 07:46:00,2025-02-20 11:21,7,0,0,0,0,0,0,0,0,0,0,0,1,0,0,0,1,0,1,0,0,0,0,0,0,1
0.0,128.0,,2022-12-20 11:35:00,9816991497,1.0,1,,0,0.0,2022-08-14 07:46:00,2024-09-18 18:48,7,0,0,0,0,0,0,0,0,0,0,0,1,0,1,0,0,0,1,0,0,0,0,1,0,0
,128.0,,2022-12-20 11:35:00,9817339723,0.0,0,,1,,2022-08-14 07:46:00,2024-01-12 17:56,7,0,0,0,0,0,0,0,0,0,0,0,1,0,0,0,1,0,0,0,0,0,0,1,0,0
0.0,128.0,,2022-12-20 11:36:00,9817287478,0.0,0,,1,24000.0,2022-08-14 07:46:00,2024-01-12 17:56,7,0,0,0,0,0,0,0,0,0,0,0,1,0,0,0,1,0,1,0,0,0,0,1,0,0
0.0,179.0,,2023-02-09 11:36:00,9816991496,0.0,0,2023-01-24 08:00,1,50000.0,2022-08-14 07:46:00,2024-11-12 11:00,7,0,0,0,0,0,0,0,0,0,0,0,1,0,0,0,1,0,1,0,0,0,0,1,0,0
0.0,128.0,,2022-12-20 11:36:00,9816986924,0.0,0,,1,70000.0,2022-08-14 07:46:00,2025-02-11 06:32,7,0,0,0,0,0,0,0,0,0,0,0,1,0,0,0,1,0,1,0,0,0,0,0,0,0
0.0,128.0,,2022-12-20 11:36:00,9816996373,1.0,1,,0,0.0,2022-08-14 07:46:00,2025-02-20 11:21,7,0,0,0,0,0,0,0,0,0,0,0,1,0,1,0,0,0,1,0,0,0,0,1,0,0
30000.0,128.0,,2022-12-20 11:36:00,9816940658,1.0,1,,0,30000.0,2022-08-14 07:46:00,2024-12-11 14:00,7,0,0,0,0,0,0,0,0,0,0,0,1,0,1,0,0,0,1,0,0,0,0,0,0,1
0.0,150.0,,2023-01-11 11:37:00,9816981921,0.0,0,,1,25000.0,2022-08-14 07:46:00,2024-01-12 17:56,7,0,0,0,0,0,0,0,0,0,0,0,1,0,0,0,1,0,1,0,0,0,0,0,0,0
0.0,128.0,,2022-12-20 11:43:00,9817334079,0.0,0,,1,120000.0,2022-08-14 07:46:00,2024-01-12 17:56,7,0,0,0,0,0,0,0,0,0,0,0,1,0,0,0,1,0,1,0,0,0,0,1,0,0
0.0,128.0,,2022-12-20 11:43:00,9817287476,0.0,0,,1,25000.0,2022-08-14 07:46:00,2024-11-11 12:51,7,0,0,0,0,0,0,0,0,0,0,0,1,0,0,0,1,0,1,0,0,0,0,1,0,0
0.0,128.0,,2022-12-20 11:43:00,9817302610,1.0,1,,0,0.0,2022-08-14 07:46:00,2025-01-31 08:47,7,0,0,0,0,0,0,0,0,0,0,0,1,0,1,0,0,0,1,0,0,0,0,1,0,0
0.0,128.0,,2022-12-20 11:43:00,9816996372,0.0,0,,1,120000.0,2022-08-14 07:46:00,2024-10-11 15:21,7,0,0,0,0,0,0,0,0,0,0,0,1,0,0,0,1,0,1,0,0,0,0,1,0,0
0.0,128.0,,2022-12-20 11:43:00,9817292300,0.0,0,,1,25000.0,2022-08-14 07:46:00,2025-02-13 13:19,7,0,0,0,0,0,0,0,0,0,0,0,1,0,0,0,1,0,1,0,0,0,0,1,0,0
0.0,128.0,,2022-12-20 11:43:00,9816981919,0.0,0,,1,25000.0,2022-08-14 07:46:00,2024-12-10 10:40,7,0,0,0,0,0,0,0,0,0,0,0,1,0,0,0,1,0,1,0,0,0,0,1,0,0
0.0,128.0,,2022-12-20 11:44:00,9817297170,1.0,1,,0,0.0,2022-08-14 07:46:00,2025-01-31 08:47,7,0,0,0,0,0,0,0,0,0,0,0,1,0,1,0,0,0,1,0,0,0,0,1,0,0
0.0,128.0,,2022-12-20 11:44:00,9816996371,0.0,0,,1,24000.0,2022-08-14 07:46:00,2024-11-05 09:31,7,0,0,0,0,0,0,0,0,0,0,0,1,0,0,0,1,0,1,0,0,0,0,1,0,0
0.0,128.0,,2022-12-20 11:44:00,9816972343,0.0,0,,1,25000.0,2022-08-14 07:46:00,2025-01-03 15:14,7,0,0,0,0,0,1,0,0,0,0,0,0,0,0,0,1,0,1,0,0,0,0,1,0,0
30000.0,128.0,,2022-12-20 11:44:00,9816972342,1.0,1,,0,30000.0,2022-08-14 07:46:00,2025-02-07 12:27,7,0,0,0,0,0,0,0,0,0,0,0,1,0,1,0,0,0,1,0,0,0,0,1,0,0
0.0,128.0,,2022-12-20 11:44:00,9817334078,0.0,0,,1,24000.0,2022-08-14 07:46:00,2025-01-31 08:47,7,0,0,0,0,0,0,0,0,0,0,0,1,0,0,0,1,0,1,0,0,0,0,1,0,0
0.0,128.0,,2022-12-20 11:44:00,9817329963,1.0,1,,0,0.0,2022-08-14 07:46:00,2024-09-03 19:33,7,0,0,0,0,0,0,0,0,0,0,0,1,0,1,0,0,0,1,0,0,0,0,1,0,0
,128.0,,2022-12-20 11:46:00,9817287475,0.0,0,,1,,2022-08-14 07:46:00,2024-01-12 17:56,7,0,0,0,0,0,1,0,0,0,0,0,0,0,0,0,1,0,0,0,0,0,0,1,0,0
0.0,128.0,,2022-12-20 11:46:00,9816991493,0.0,0,,1,2000.0,2022-08-14 07:46:00,2024-06-28 05:30,7,0,0,0,0,0,0,0,0,0,0,0,1,0,0,0,1,0,1,0,0,0,0,1,0,0
,128.0,,2022-12-20 11:48:00,9817287474,0.0,0,,1,,2022-08-14 07:46:00,2024-09-18 18:48,7,0,0,0,0,0,0,0,0,0,0,0,1,0,0,0,1,0,1,0,0,0,0,1,0,0
0.0,128.0,,2022-12-20 11:48:00,9816958783,0.0,0,,1,30000.0,2022-08-14 07:46:00,2024-01-12 17:56,7,0,0,0,0,0,1,0,0,0,0,0,0,0,0,0,1,0,1,0,0,0,0,1,0,0
,128.0,,2022-12-20 11:56:00,9817334077,0.0,0,,1,,2022-08-14 07:46:00,2024-12-16 13:35,7,0,0,0,0,0,1,0,0,0,0,0,0,0,0,0,1,0,1,0,0,0,0,1,0,0
0.0,128.0,,2022-12-20 11:49:00,9817329961,0.0,0,,1,24000.0,2022-08-14 07:46:00,2024-11-05 09:31,7,0,0,0,0,0,0,0,0,0,0,0,1,0,0,0,1,0,1,0,0,0,0,1,0,0
30000.0,128.0,,2022-12-20 11:49:00,9816991492,1.0,1,,0,30000.0,2022-08-14 07:46:00,2024-09-18 18:48,7,0,0,0,0,0,0,0,0,0,0,0,1,0,1,0,0,0,1,0,0,0,0,1,0,0
,128.0,,2022-12-20 11:49:00,9817320073,0.0,0,,1,,2022-08-14 07:46:00,2024-09-03 10:44,7,0,0,0,0,0,1,0,0,0,0,0,0,0,0,0,1,0,1,0,0,0,0,1,0,0
0.0,128.0,,2022-12-20 11:50:00,9817287472,0.0,0,,1,48000.0,2022-08-14 07:46:00,2025-02-05 13:57,7,0,0,0,0,0,0,0,0,0,0,0,1,0,0,0,1,0,1,0,0,0,0,0,0,1
0.0,128.0,,2022-12-20 11:50:00,9817311103,0.0,0,,1,55000.0,2022-08-14 07:46:00,2024-10-30 10:51,7,0,0,0,0,0,0,0,0,0,0,0,1,0,0,0,1,0,1,0,0,0,0,1,0,0
0.0,128.0,,2022-12-20 11:50:00,9817320072,0.0,0,,1,0.0,2022-08-14 07:46:00,2024-01-12 17:56,7,0,0,0,0,0,0,0,0,1,0,0,0,0,0,0,1,0,1,0,0,0,0,1,0,0
0.0,128.0,,2022-12-20 11:50:00,9817297167,0.0,0,,1,25000.0,2022-08-14 07:46:00,2025-02-13 13:25,7,0,0,0,0,0,0,0,0,0,0,0,1,0,0,0,1,0,1,0,0,0,0,1,0,0
462067.0,128.0,,2022-12-20 11:50:00,9817311102,1.0,1,,0,462067.0,2022-08-14 07:46:00,2025-02-20 11:21,7,0,0,0,0,0,0,0,0,0,0,0,1,0,1,0,0,0,1,0,0,0,0,0,0,1
0.0,128.0,,2022-12-20 11:50:00,9817287471,0.0,0,,1,25000.0,2022-08-14 07:46:00,2024-12-18 16:47,7,0,0,0,0,0,0,0,0,0,0,0,1,0,0,0,1,0,0,0,0,0,0,1,0,0
0.0,128.0,,2022-12-20 11:51:00,9816972338,0.0,0,,1,30000.0,2022-08-14 07:46:00,2024-01-12 17:56,7,0,0,0,0,0,0,0,0,0,0,0,1,0,0,0,1,0,1,0,0,0,0,1,0,0
0.0,128.0,,2022-12-20 11:51:00,9816958782,1.0,1,,0,0.0,2022-08-14 07:46:00,2024-09-18 18:48,7,0,0,0,0,0,0,0,0,0,0,0,1,0,1,0,0,0,1,0,0,0,0,1,0,0
0.0,128.0,,2022-12-20 11:51:00,9816940656,0.0,0,,1,25000.0,2022-08-14 07:46:00,2024-12-18 16:47,7,0,0,0,0,0,0,0,0,0,0,0,1,0,0,0,1,0,1,0,0,0,0,1,0,0
0.0,128.0,,2022-12-20 11:51:00,9817334075,0.0,0,,1,55000.0,2022-08-14 07:46:00,2024-12-16 13:01,7,0,0,0,0,0,0,0,0,0,0,0,1,0,0,0,1,0,1,0,0,0,0,1,0,0
17500.0,128.0,,2022-12-20 11:52:00,9817329960,1.0,1,,0,17500.0,2022-08-14 07:46:00,2025-01-31 08:47,7,0,0,0,0,0,0,0,0,0,0,0,1,0,1,0,0,0,1,0,0,0,0,1,0,0
0.0,128.0,,2022-12-20 11:52:00,9817292296,0.0,0,,1,150000.0,2022-08-14 07:46:00,2024-01-12 17:56,7,0,0,0,0,0,0,0,0,0,0,0,1,0,0,0,1,0,1,0,0,0,0,0,0,0
0.0,128.0,,2022-12-20 11:52:00,9817329959,0.0,0,,1,24000.0,2022-08-14 07:46:00,2025-02-13 13:25,7,0,0,0,0,0,0,0,0,0,0,0,1,0,0,0,1,0,1,0,0,0,0,1,0,0
,128.0,,2022-12-20 11:52:00,9816972337,0.0,0,,1,,2022-08-14 07:46:00,2024-01-12 17:56,7,0,0,0,0,0,1,0,0,0,0,0,0,0,0,0,1,0,1,0,0,0,0,1,0,0
0.0,128.0,,2022-12-20 11:52:00,9816963432,0.0,0,,1,50000.0,2022-08-14 07:46:00,2025-02-07 12:27,7,0,0,0,0,0,0,0,0,0,0,0,1,0,0,0,1,0,1,0,0,0,0,0,0,1
38400.0,128.0,,2022-12-20 11:53:00,9817334074,1.0,1,,0,38400.0,2022-08-14 07:46:00,2025-01-31 08:47,7,0,0,0,0,0,0,0,0,0,0,0,1,0,1,0,0,0,1,0,0,0,0,1,0,0
0.0,128.0,,2022-12-20 11:53:00,9816996368,0.0,0,,1,1000000.0,2022-08-14 07:46:00,2025-02-20 11:21,7,0,0,0,0,0,0,0,0,0,0,0,1,0,0,0,1,0,1,0,0,0,0,0,0,0
0.0,128.0,,2022-12-20 11:53:00,9816986922,0.0,0,,1,50000.0,2022-08-14 07:46:00,2024-08-02 17:08,7,0,0,0,0,0,0,0,0,0,0,0,1,0,0,0,1,0,1,0,0,0,0,0,0,1
0.0,128.0,,2022-12-20 11:53:00,9816986921,0.0,0,,1,85000.0,2022-08-14 07:46:00,2024-08-02 11:36,7,0,0,0,0,0,0,0,0,0,0,0,1,0,0,0,1,0,1,0,0,0,0,1,0,0
,128.0,,2022-12-20 11:53:00,9816977201,0.0,0,,1,,2022-08-14 07:46:00,2024-12-18 16:47,7,0,0,0,0,0,1,0,0,0,0,0,0,0,0,0,1,0,0,0,0,0,0,1,0,0
48000.0,128.0,,2022-12-20 11:54:00,9817297166,1.0,1,,0,48000.0,2022-08-14 07:46:00,2025-01-29 14:43,7,0,0,0,0,0,0,0,0,0,0,0,1,0,1,0,0,0,1,0,0,0,0,0,0,1
0.0,128.0,,2022-12-20 11:54:00,9817292294,0.0,0,,1,25000.0,2022-08-14 07:46:00,2024-12-16 13:37,7,0,0,0,0,0,0,0,0,0,0,0,1,0,0,0,1,0,1,0,0,0,0,1,0,0
30000.0,128.0,,2022-12-20 11:54:00,9816940654,1.0,1,,0,30000.0,2022-08-14 07:46:00,2024-09-18 18:48,7,0,0,0,0,0,0,0,0,0,0,0,1,0,1,0,0,0,1,0,0,0,0,0,0,1
0.0,179.0,,2023-02-09 11:54:00,9816953942,0.0,0,,1,50000.0,2022-08-14 07:46:00,2024-01-12 17:56,7,0,0,0,0,0,1,0,0,0,0,0,0,0,0,0,1,0,0,0,0,0,0,1,0,0
,128.0,,2022-12-20 11:54:00,9816981916,0.0,0,,1,,2022-08-14 07:46:00,2024-06-18 14:10,7,0,0,0,0,0,0,0,0,1,0,0,0,0,0,0,1,0,1,0,0,0,0,1,0,0
0.0,128.0,,2022-12-20 11:55:00,9816968244,0.0,0,,1,50000.0,2022-08-14 07:46:00,2024-07-03 06:57,7,0,0,0,0,0,1,0,0,0,0,0,0,0,0,0,1,0,1,0,0,0,0,1,0,0
0.0,128.0,,2022-12-20 11:55:00,9817315486,0.0,0,,1,25000.0,2022-08-14 07:46:00,2024-09-18 18:48,7,0,0,0,0,0,0,0,0,0,0,0,1,0,0,0,1,0,1,0,0,0,0,1,0,0
0.0,128.0,,2022-12-20 11:55:00,9817324809,0.0,0,2023-11-16 10:43,1,0.0,2022-08-14 07:46:00,2025-01-14 17:11,7,0,0,0,0,0,0,0,0,0,0,0,1,0,0,0,1,0,1,0,0,0,0,0,0,1
,128.0,,2022-12-20 11:55:00,9817329956,0.0,0,,1,,2022-08-14 07:46:00,2024-12-16 13:44,7,0,0,0,0,0,1,0,0,0,0,0,0,0,0,0,1,0,1,0,0,0,0,1,0,0
15850.0,632.0,,2024-05-07 12:22:00,29371084041,1.0,1,2024-10-09 16:44,0,15850.0,2022-08-14 07:46:00,2025-01-31 08:46,7,0,0,0,0,0,0,0,0,1,0,0,0,0,1,0,0,0,1,0,0,0,0,1,0,0
0.0,129.0,,2022-12-20 11:55:00,9805752633,0.0,0,,1,25000.0,2022-08-12 15:30:00,2024-08-05 13:09,7,0,0,0,0,0,1,0,0,0,0,0,0,0,0,0,1,0,1,0,0,0,0,1,0,0
0.0,152.0,,2023-01-11 11:55:00,9794988112,0.0,0,,1,45000.0,2022-08-11 17:11:00,2024-12-18 14:33,7,0,0,0,0,0,0,0,0,0,0,0,1,0,0,0,1,0,1,0,0,0,0,1,0,0
0.0,181.0,,2023-02-09 11:56:00,9793923989,0.0,0,,1,1700.0,2022-08-11 15:04:00,2024-01-12 17:56,7,0,0,0,0,0,0,0,0,0,0,0,1,0,0,0,1,0,0,0,0,0,0,1,0,0
0.0,131.0,,2022-12-20 11:57:00,9789682209,0.0,0,,1,200000.0,2022-08-11 08:07:00,2025-02-11 04:38,7,0,0,0,0,0,0,0,0,0,0,0,1,0,0,0,1,0,1,0,0,0,0,0,0,0
35000.0,131.0,,2022-12-20 11:58:00,9789640630,1.0,1,2024-08-23 15:03,0,35000.0,2022-08-11 08:01:00,2025-02-11 04:38,7,0,0,0,0,0,0,0,0,0,0,0,1,0,1,0,0,0,1,0,0,0,0,1,0,0
0.0,131.0,,2022-12-20 11:58:00,9784357419,0.0,0,,1,24000.0,2022-08-10 16:48:00,2025-02-20 11:21,7,0,0,0,0,0,0,0,0,0,0,0,1,0,0,0,1,0,1,0,0,0,0,1,0,0
78000.0,131.0,,2022-12-20 11:59:00,9784284936,1.0,1,,0,78000.0,2022-08-10 16:48:00,2025-02-20 11:21,7,0,0,0,0,0,0,0,0,0,0,0,1,0,1,0,0,0,1,0,0,0,0,1,0,0
216600.0,131.0,,2022-12-20 11:59:00,9783148315,1.0,1,,0,216600.0,2022-08-10 14:49:00,2025-02-20 11:21,7,0,0,0,0,0,0,0,0,0,0,0,1,0,1,0,0,0,1,0,0,0,0,1,0,0
34200.0,131.0,,2022-12-20 11:59:00,9783091342,1.0,1,,0,34200.0,2022-08-10 14:49:00,2025-02-20 11:21,7,0,0,0,0,0,0,0,0,0,0,0,1,0,1,0,0,0,1,0,0,0,0,1,0,0
53240.0,246.0,,2023-04-13 12:59:00,9771980923,1.0,1,2024-09-23 17:23,0,53240.0,2022-08-09 17:32:00,2025-02-19 10:45,7,0,0,0,0,0,0,0,0,1,0,0,0,0,1,0,0,0,1,0,0,0,0,1,0,0
0.0,134.0,,2022-12-20 11:59:00,9756567218,1.0,1,,0,0.0,2022-08-08 11:35:00,2025-02-07 12:27,7,0,0,0,0,0,0,0,0,0,0,0,1,0,1,0,0,0,1,0,0,0,0,1,0,0
